time,CapMrktEstUSD,ReferenceRate,ReferenceRateBTC,ReferenceRateETH,ReferenceRateEUR,ReferenceRateUSD,principal_market_price_usd,principal_market_usd
2021-08-19,138057402.15135795409921453572197385587997,,,,,,,
2021-08-20,128757549.49221564012716300027677301343504,4.64976974246773,0.0000996802269745957,0.00146496881575182,3.97780069825263,4.64976974246773,,
2021-08-21,116671510.54474860464584832882110480461978,4.33655094485136,0.0000880681834818213,0.00132283758643705,3.71142391447623,4.33655094485136,,
2021-08-22,126844255.76105503200631542842334108944604,3.92949346493002,0.0000800789518705837,0.00121479105432897,3.36500809205025,3.92949346493002,,
2021-08-23,132704513.08579781994353469122785011244227,4.27211126135036,0.0000865442518712811,0.00131615879862583,3.65943688995192,4.27211126135036,,
2021-08-24,121364510.04198504496500495627369800507265,4.46948457684843,0.0000901271545135797,0.00134516151844572,3.8070854339838,4.46948457684843,,
2021-08-25,213360760.51382934176765011487432213109885,4.08755356691385,0.00008528909816519,0.00128393701899348,3.48930770687766,4.08755356691385,,
2021-08-26,296909049.2828935411150565343214720177911,7.18598490922965,0.000146645820179646,0.00222565665772764,6.12800364004468,7.18598490922965,,
2021-08-27,287693432.11222605277710302775083004980778,9.9998891193599,0.000211905403972912,0.00320447997876409,8.50898396546791,9.9998891193599,,
2021-08-28,255518316.10278533906312545145505297460794,9.68950737082202,0.000197549612998972,0.00296314023159688,8.21475494583435,9.68950737082202,,
2021-08-29,268966994.70526036859100430692473365758981,8.60585029376746,0.000176159987514281,0.00265393815915249,7.3055111513506,8.60585029376746,,
2021-08-30,260792050.46918888918053996561977492057438,9.05880144211229,0.000185068583926471,0.00280378857373062,7.68422627668576,9.05880144211229,,
2021-08-31,226079146.05198881886267780272686306435983,8.78346953116142,0.000186383581789676,0.00271231998430034,7.44671847529559,8.78346953116142,,
2021-09-01,223652137.3389065290811109968102610586014,7.61433980601047,0.000161255011850301,0.00221866425536425,6.44587481991302,7.61433980601047,,
2021-09-02,224347639.10566142375326600185829756986849,7.5325982151726,0.000154709888468335,0.00198548665775529,6.3581535874092,7.5325982151726,,
2021-09-03,210689821.8839428804773434288216232085386,7.55602269673241,0.000153050152267645,0.00199267670428173,6.36537664001197,7.55602269673241,,
2021-09-04,206580762.29118092650325685706832281657824,7.0960277650874,0.000142317523952194,0.00181086592276253,5.97893000508958,7.0960277650874,,
2021-09-05,201998900.91184149368747661995742252684885,6.95763474402016,0.000139376875438284,0.00179033014511471,5.8593529175662,6.95763474402016,,
2021-09-06,190595501.35304831034528278807053891680669,6.80331777097965,0.000131471063491191,0.00172034768028046,5.72636643157637,6.80331777097965,,
2021-09-07,148191732.56898646744977060519684995896797,6.41925156805621,0.000121944905373069,0.00163388210092449,5.41098812335154,6.41925156805621,,
2021-09-08,161281143.17980568001030317040081553831011,4.99109372945973,0.00010652347837643,0.00145392145491398,4.22032277618024,4.99109372945973,,
2021-09-09,177813983.8548311008348225414833927053655,5.43194474111499,0.000117605170072723,0.00154854359160411,4.59860525666205,5.43194474111499,,
2021-09-10,161001799.1039895349051552771511616556632,5.9887703884895,0.000128932795548018,0.00174454082534505,5.07912578169111,5.9887703884895,,
2021-09-11,156864144.68598117136965018677012949941967,5.4225364398488,0.000121132649582596,0.00169233389537393,4.59667590833637,5.4225364398488,,
2021-09-12,157822066.22803379311586488418643047938647,5.28318034580503,0.00011714734658278,0.00162100046519922,4.47847206269583,5.28318034580503,,
2021-09-13,143355283.85298627616079159014427004382056,5.31544311862623,0.000115101182853404,0.00155526025945921,4.49987733181839,5.31544311862623,,
2021-09-14,150087164.77680291261456176516248162248126,4.82820226148904,0.000107313601166566,0.0014677395010006,4.09236858459593,4.82820226148904,,
2021-09-15,158922619.71519736578197684210319548590875,5.05493183731534,0.000107500009104937,0.00147819067978942,4.28211131941987,5.05493183731534,,
2021-09-16,192209643.80265044702995494264291477181074,5.35250973167875,0.000111123563611474,0.00149051050470532,4.5285547141232,5.35250973167875,,
2021-09-17,170783136.9575982464014282594462308189369,6.47361584411266,0.000135438863868275,0.00181449613909137,5.50493985585668,6.47361584411266,,
2021-09-18,179617634.53275277297547505634947700117581,5.7519716463921,0.000121828201957688,0.00169348919605941,4.90678675325982,5.7519716463921,,
2021-09-19,161251043.95786228045854048722782071903828,6.04951729678629,0.000125498207275123,0.00176626986796118,5.16512986121925,6.04951729678629,,
2021-09-20,137329185.73151446423769658359963188770444,5.43093100009652,0.000115017079978058,0.00163582732003286,4.63604426776263,5.43093100009652,,
2021-09-21,130247053.32988444483966759428441214406463,4.62524343223596,0.000107926457881844,0.00155975351953214,3.94870835221804,4.62524343223596,,
2021-09-22,152401931.70909700207187952398880944498091,4.38671739567367,0.000108243212358313,0.00159758191979119,3.74295209589435,4.38671739567367,,
2021-09-23,149103363.79058668939481214938435915554338,5.13289312787219,0.000117787495619951,0.0016753785909967,4.39315671504336,5.13289312787219,,
2021-09-24,129451944.05945311728279106334499835751511,5.02179744548242,0.000111940529268659,0.00159549016823099,4.2819613920391,5.02179744548242,,
2021-09-25,122640166.63977921565331107114625132706429,4.35993813595999,0.00010185984144989,0.00148673484668828,3.72461398208686,4.35993813595999,,
2021-09-26,115728574.80059905359099015247016107102395,4.13051764821461,0.0000966536084089886,0.00140853199353378,3.5345980992538,4.13051764821461,,
2021-09-27,134840317.910871727537758695586634570609,3.89773541339555,0.0000903690809129384,0.00127853474294859,3.32962371943043,3.89773541339555,,
2021-09-28,133676222.2173747406322824102829135295645,4.00087020458708,0.0000941452437732179,0.00135508051180313,3.42203106401672,4.00087020458708,,
2021-09-29,156396200.14939737315823648306889676507639,3.96633012156474,0.0000962146003564298,0.00140870065915071,3.40341038656477,3.96633012156474,,
2021-09-30,149295226.1942500504525284632730710447957,4.64039345843403,0.000111940931872229,0.00163206117273808,4.0019054007532,4.64039345843403,,
2021-10-01,173088920.5811519817381627661562288750238,4.4297020630289,0.000101177378739935,0.00147581591146186,3.82693126213087,4.4297020630289,,
2021-10-02,179286495.03119925027398378446280497276457,5.1356526404526,0.000106818889886487,0.001556521677899,4.42388086177488,5.1356526404526,,
2021-10-03,176115125.1131406327281885439999373605418,5.31953841131489,0.00011130502022893,0.00156740203461045,4.57703884536771,5.31953841131489,,
2021-10-04,179194692.79244008124064008156138110551019,5.2254182083786,0.00010840526701834,0.00152770395386997,4.49601454987004,5.2254182083786,,
2021-10-05,175143595.15287785968783681578815651260626,5.31679042308763,0.000107870807220917,0.00156762409045759,4.56915694527256,5.31679042308763,,
2021-10-06,163843162.53235147436268423162131158424616,5.19660331770686,0.000100791309699347,0.00147613395691407,4.47680185764765,5.19660331770686,,
2021-10-07,155499052.9575913063937929688386830001199,4.86131349111576,0.0000877179898709372,0.00135471723349512,4.19731954975401,4.86131349111576,,
2021-10-08,149699356.21481259369681131336145884561902,4.61379248027665,0.0000857500051114828,0.00128542707136522,3.97869353197267,4.61379248027665,,
2021-10-09,145551775.7768029763151134476151464890944,4.44171042118517,0.0000823552736041697,0.00124728813402087,3.83681066273954,4.44171042118517,,
2021-10-10,138030273.8062927179114536639263436894752,4.31863358451254,0.0000785050202796098,0.00120636535061756,3.72713436123132,4.31863358451254,,
2021-10-11,150230430.194571774644369170142091095408,4.09546432677107,0.0000748696255200184,0.00119331651509043,3.54079803857908,4.09546432677107,,
2021-10-12,162489092.598974392955089143526115458848,4.45745234498905,0.0000778061728687908,0.00126647747635877,3.85840972938539,4.45745234498905,,
2021-10-13,151483270.1474575481024541577522690834272,4.8197462259243,0.0000857664367556056,0.00138051760114966,4.18155128066034,4.8197462259243,,
2021-10-14,152294442.4503934574481053450802622133472,4.49329187520177,0.0000783501066854244,0.0012489821588161,3.8718978002017,4.49329187520177,,
2021-10-15,150846163.01596248284726380224677803954944,4.51735284189877,0.0000787214194884212,0.00119300210026557,3.89464831361054,4.51735284189877,,
2021-10-16,151613348.1121034555290903674378619336624,4.47437464309848,0.0000728178974361734,0.00115865038825485,3.85143111033356,4.47437464309848,,
2021-10-17,145193177.72019140548844194479019805388608,4.36751663603455,0.000071678462960367,0.0011383322053575,3.75127425529028,4.36751663603455,,
2021-10-18,144602515.73419761570368736767091437503648,4.18257117218186,0.0000680510891201859,0.0010902339889137,3.60109058232153,4.18257117218186,,
2021-10-19,149461563.4149153080435950017603855713504,4.16555600773741,0.0000672112580414229,0.00111198145858175,3.58871607789567,4.16555600773741,,
2021-10-20,151517204.11055355629857807094207571031968,4.3055303031743,0.0000669695159557056,0.00111109193838079,3.69752296644248,4.3055303031743,,
2021-10-21,147412681.02131039573378692192835621372224,4.36474702154181,0.0000660706678982525,0.00105088869148837,3.73601747662447,4.36474702154181,,
2021-10-22,149510439.4950934871799259510554837885124,4.24650827080858,0.0000680815092494413,0.0010446084551842,3.6511079501095,4.24650827080858,,
2021-10-23,144277800.556555530392332712817638123233,4.30692278613814,0.0000708947194170161,0.00108335455469818,3.70149201062954,4.30692278613814,,
2021-10-24,141961794.4892632140816466192024925728308,4.15618701175255,0.0000678560229369129,0.000999184406240604,3.57539980479213,4.15618701175255,,
2021-10-25,144852405.573067787857313201269494084967,4.08947020363038,0.0000671886990350343,0.00100315867396556,3.51641349736163,4.08947020363038,,
2021-10-26,142657494.1864696381197339216892777282266,4.17273956451745,0.0000662006793162054,0.000990112253385912,3.59500487628533,4.17273956451745,,
2021-10-27,130756827.2603468173645034669072204363734,4.10951111106351,0.0000680450450927668,0.00099488664104803,3.54603091043455,4.10951111106351,,
2021-10-28,127859089.8296808013311665688440972948494,3.70373113674649,0.0000632431720996973,0.000938218300515792,3.19765681476377,3.70373113674649,,
2021-10-29,144593195.480780819297626873823817128814,3.62165174882509,0.0000597981893129671,0.000846423509913511,3.09991660871661,3.62165174882509,,
2021-10-30,163503627.12630778098902421877242973001808,4.09562547769425,0.0000658134735722711,0.000928042624058119,3.54077858749692,4.09562547769425,,
2021-10-31,156313847.66371120355377978282965107771696,4.63126649028886,0.0000750088714691297,0.00107420485877986,4.00760191657486,4.63126649028886,,
2021-11-01,155575217.84430115782030208567661928261744,4.28620578877882,0.0000697704471132559,0.000998192878302831,3.71088879222842,4.28620578877882,,
2021-11-02,155332428.75402061084552612323243391719776,4.26595218070098,0.0000698282187992863,0.000986167634901841,3.67984152901261,4.26595218070098,,
2021-11-03,156115850.97026736347034207238647767556288,4.25929477945492,0.0000675813068148001,0.000928683458472397,3.6795990313838,4.25929477945492,,
2021-11-04,150995303.23195778388933448946313276658544,4.28077661800296,0.0000679963444000892,0.000930835890851954,3.6874414183543,4.28077661800296,,
2021-11-05,154567525.92810081617367521397535720586536,4.14036857555698,0.0000674394239726297,0.000912859796341902,3.58567843906136,4.14036857555698,,
2021-11-06,328621250.89263692339985,4.23832075207787,0.0000694740158344805,0.000946709396028467,3.67489862510138,4.23832075207787,,
2021-11-07,328632714.14238390543106,4.19323931598777,0.0000682326199151398,0.000929426313839423,3.63318822380836,4.19323931598777,,
2021-11-08,331649850.03783206366455,4.17936573695147,0.000066293018671791,0.000906726360738766,3.62060220495967,4.17936573695147,,
2021-11-09,324703755.3094796436633,4.19707161629639,0.000062140398701777,0.00087236232050905,3.62070514917848,4.19707161629639,,
2021-11-10,315214872.9902118576828,4.09037927101743,0.0000609634632462277,0.000863733361710734,3.52991168423588,4.09037927101743,,
2021-11-11,343753788.10667643053447,3.95177994075132,0.0000610256220682293,0.000855371931278071,3.44342708281243,3.95177994075132,,
2021-11-12,342853573.49697942018132,4.28554909330283,0.0000659691459104456,0.000906467650057215,3.74663321533298,4.28554909330283,,
2021-11-13,367802070.66865679287676,4.25149551007791,0.0000663477524731074,0.00091179782275457,3.71677852024783,4.25149551007791,,
2021-11-14,401281930.45550231538976,4.53009245596492,0.0000703454632698784,0.000975274175899912,3.96481002498728,4.53009245596492,,
2021-11-15,376217625.53493534454645,4.92421146921848,0.0000757195593359394,0.00106827069557726,4.3073905989017,4.92421146921848,,
2021-11-16,348956571.48255869025788,4.59721397122129,0.0000721091978230109,0.00100608529658487,4.04566558749662,4.59721397122129,,
2021-11-17,411853660.49255936968024,4.24921557490358,0.0000704416382965076,0.00100356250392689,3.75663818953359,4.24921557490358,,
2021-11-18,577985466.0114203292045,4.99633300794952,0.0000830586061689343,0.00117130864890161,4.41929115018903,4.99633300794952,,
2021-11-19,576464734.26675801213,6.98015769045435,0.000122902746125543,0.00175131158165749,6.14320461985728,6.98015769045435,,
2021-11-20,685406445.0798933299451,6.90164497113,0.000118965013410644,0.00160829280735111,6.12673537268921,6.90164497113,,
2021-11-21,564321386.9203271922093,8.18233984354345,0.000136944132224408,0.00185408393169766,7.26420337596615,8.18233984354345,,
2021-11-22,510902808.16834148902956,6.71158505218755,0.000113692812310341,0.00155718324877785,5.96125894871872,6.71158505218755,,
2021-11-23,540317838.00227611365738,6.05666518135554,0.000107418980819078,0.00147839923436826,5.39105555872861,6.05666518135554,,
2021-11-24,622906278.63267151337364,6.38536493368458,0.00011077574493781,0.00146852242627775,5.6793227730307,6.38536493368458,,
2021-11-25,623376526.9935728986389,7.33273416351594,0.000128325153656321,0.00172050382532946,6.54669109613859,7.33273416351594,,
2021-11-26,555382018.9503733037524,7.30629975245166,0.000123817424632233,0.00161427980936804,6.51966279714631,7.30629975245166,,
2021-11-27,521558343.01598326166144,6.4681618816291,0.00012022467661965,0.00159628534157157,5.72435338345061,6.4681618816291,,
2021-11-28,550123680.85667159441274,6.05060202690688,0.000110744107245214,0.00148047848711475,5.35344504804729,6.05060202690688,,
2021-11-29,656115520.33365034309158,6.36309447544746,0.000111148531905597,0.00148286578306162,5.63896851969747,6.36309447544746,,
2021-11-30,1138419106.1087188211301,7.56668274457781,0.000130638637703403,0.00170098591642501,6.69931930585076,7.56668274457781,,
2021-12-01,947523689.1301258034088,13.0456798445729,0.000228482703492355,0.00280851006076872,11.5053997056471,13.0456798445729,,
2021-12-02,849935917.69909071732868,10.8006700640009,0.000188886933760876,0.00235589244207298,9.54311039481328,10.8006700640009,,
2021-12-03,789624093.64892033582056,9.62023965913318,0.00017002028384027,0.00212482486109967,8.51600100587947,9.62023965913318,,
2021-12-04,730477856.70540955255826,8.88101114704882,0.000165469419362782,0.00209807498268509,7.8644667974983,8.88101114704882,,
2021-12-05,818123645.8214617373991,8.19275921288458,0.00016665588371932,0.00199932565382883,7.25859551051897,8.19275921288458,,
2021-12-06,637306306.89826888832976,9.14794417857315,0.000185454757435455,0.00218297769427003,8.09038565385242,9.14794417857315,,
2021-12-07,595372481.22884746739499,7.10541650025576,0.000140602685519408,0.00163646085145424,6.29835994619407,7.10541650025576,,
2021-12-08,605278258.66855116952139,6.60348700003847,0.000130569566620101,0.00153435203901932,5.85800166806028,6.60348700003847,,
2021-12-09,539622743.9609157603345,6.69153518991781,0.000132503930411663,0.00151142142950817,5.90007750109764,6.69153518991781,,
2021-12-10,507585911.67089209299806,5.94791892742815,0.000124075700028305,0.00143072110250747,5.2694854984371,5.94791892742815,,
2021-12-11,534204227.46246213446403,5.56618874672578,0.000117337982577966,0.00141575190573758,4.92273399818981,5.56618874672578,,
2021-12-12,564189899.74073618572744,5.83103783020637,0.000118224425238155,0.00142932132849935,5.16584263042326,5.83103783020637,,
2021-12-13,478550787.07157029649595,6.13782240371324,0.000122422058936678,0.00148221218279568,5.42557056450321,6.13782240371324,,
2021-12-14,467253742.91067898575462,5.18860155693755,0.00011090232336445,0.00136971720671009,4.6002816769138,5.18860155693755,,
2021-12-15,509093930.13380036797456,5.04119595555591,0.000104388402562599,0.00130914199392391,4.47820272370951,5.04119595555591,,
2021-12-16,483203430.85633756910796,5.47055783026472,0.000112031294359042,0.00136231203007878,4.84191902297293,5.47055783026472,,
2021-12-17,520594754.24135977038486,5.17347751276318,0.000108541774436763,0.00130201112049095,4.56604608809767,5.17347751276318,,
2021-12-18,500616917.03542098994626,5.54961417044787,0.000119772871550994,0.00142831399714115,4.93924541135245,5.54961417044787,,
2021-12-19,483517963.260754489331,5.32618138057809,0.00011355283498778,0.00134300411112454,4.74098196636549,5.32618138057809,,
2021-12-20,469682896.11295795163904,5.12616995060225,0.000109354963400067,0.0013018626557089,4.55854239450489,5.12616995060225,,
2021-12-21,480731682.98522288518081,4.96451312591248,0.000105729701486092,0.00126013288864037,4.40257821747483,4.96451312591248,,
2021-12-22,496758925.79542132964712,5.06161132220593,0.000103125481445436,0.00125629535536997,4.48062599154398,5.06161132220593,,
2021-12-23,615804596.00764551283872,5.21208919607643,0.000107041785649811,0.00130802129879412,4.60217753541406,5.21208919607643,,
2021-12-24,568159935.58181404516342,6.43713758713011,0.000126932764726897,0.00156932561561352,5.6841861108058,6.43713758713011,,
2021-12-25,581745998.60660156416946,5.90445761744294,0.000116266478983908,0.00145963349879206,5.21875052505369,5.90445761744294,,
2021-12-26,594890072.60333334613446,6.02304793363051,0.000119055035619555,0.00146906430826152,5.3301060163966,6.02304793363051,,
2021-12-27,591854973.82556635673517,6.14081589944086,0.000120886232478143,0.00150866947248126,5.42468101071375,6.14081589944086,,
2021-12-28,539637129.84989912288182,6.08598535907949,0.000119811404627865,0.00150479742313075,5.37319719059689,6.08598535907949,,
2021-12-29,516883016.4853012719126,5.52456332104618,0.000115884425500582,0.00145149850613035,4.88677044117014,5.52456332104618,,
2021-12-30,540288356.43167621927535,5.27618038622727,0.000113538710458464,0.00145003256335154,4.64881502160262,5.27618038622727,,
2021-12-31,513801778.26615397428256,5.49558870513965,0.000116673064520987,0.00148207480356095,4.85455758070088,5.49558870513965,,
2022-01-01,529515253.4343209352256,5.20409896292384,0.000112265899918778,0.0014114909162606,4.57801105724363,5.20409896292384,,
2022-01-02,523494187.03133382998232,5.35512240814304,0.000112597168877124,0.00142383341939248,4.71090801857112,5.35512240814304,,
2022-01-03,507786205.3676588046849,5.27798813875528,0.000111461521590614,0.00137721414813664,4.64592427253986,5.27798813875528,,
2022-01-04,498108908.72527994889498,5.10434615789065,0.000109880925896499,0.00135557748473272,4.51774101341234,5.10434615789065,,
2022-01-05,460466576.53259975347405,4.98992339733314,0.00010869881112075,0.00131429969439451,4.42338506797864,4.98992339733314,,
2022-01-06,453098380.54284459917485,4.59010114488821,0.000105444557802146,0.00129453301954678,4.06380752029816,4.59010114488821,,
2022-01-07,404931709.80494584985472,4.49739523399313,0.000104239166805924,0.00131763325304134,3.98416404713655,4.49739523399313,,
2022-01-08,392649885.70099569130752,4.00017700365164,0.0000963601224066975,0.00125392413507871,3.52233172330028,4.00017700365164,,
2022-01-09,403685796.6197473078426,3.86380202344016,0.000092435868889724,0.00124925700403229,3.40388808559651,3.86380202344016,,
2022-01-10,380259775.44272969425584,3.9620677175818,0.0000945905686576219,0.00125586955977846,3.49140154531588,3.9620677175818,,
2022-01-11,412768438.15102316414216,3.72390851392312,0.0000890526071335665,0.00120911389811486,3.28804398377201,3.72390851392312,,
2022-01-12,436301741.50608016700931,4.02715931662372,0.0000941625163230251,0.00124220114999032,3.54564510653649,4.02715931662372,,
2022-01-13,404779173.24072996990159,4.23950836888613,0.0000964378837839622,0.00125695216850594,3.71029093700027,4.23950836888613,,
2022-01-14,408803568.80331699435705,3.92154553465647,0.0000919970422068633,0.00120549010150425,3.42445884293462,3.92154553465647,,
2022-01-15,410432385.03833481347772,3.94116338679335,0.0000914366890339712,0.00119114596496063,3.45276784470949,3.94116338679335,,
2022-01-16,404716421.30747943931985,3.95172947637934,0.0000914610884503479,0.00118512299420581,3.46545374895388,3.95172947637934,,
2022-01-17,381299091.40172303714337,3.88672431443543,0.0000900353714321706,0.00115802719628459,3.4072376922368,3.88672431443543,,
2022-01-18,377746145.71276197768483,3.65247105679653,0.0000865283376271481,0.00113744447372825,3.20307904532045,3.65247105679653,,
2022-01-19,372571111.68576178080068,3.60154991040427,0.0000848796922324144,0.00113764408033452,3.17987166155077,3.60154991040427,,
2022-01-20,351502679.4165333264956,3.54069843502073,0.0000847305922522235,0.00114016751596782,3.12238565460574,3.54069843502073,,
2022-01-21,290828394.65190016936851,3.32910273188476,0.0000816834926500434,0.00110532542877588,2.94456358027846,3.32910273188476,,
2022-01-22,274626625.9461415404415,2.74362964981921,0.0000751838226244265,0.00106961798332751,2.42072850320664,2.74362964981921,,
2022-01-23,286922059.52713529634596,2.5807873367813,0.0000737443852237725,0.0010749568607549,2.2788994755399,2.5807873367813,,
2022-01-24,273317173.00460063637668,2.68995439492319,0.0000741625724997324,0.00106175675009639,2.37317334906513,2.68995439492319,,
2022-01-25,282631998.0600493680126,2.55559438838516,0.000069711225957224,0.00104775132547074,2.25744174215619,2.55559438838516,,
2022-01-26,276317798.85970354537039,2.63586433766745,0.0000713309829659027,0.00107219477589005,2.33310326096306,2.63586433766745,,
2022-01-27,284351905.5150632775696,2.57016528390701,0.0000697924706878629,0.00104177260232037,2.28746102637389,2.57016528390701,,
2022-01-28,281141123.75024675667273,2.63742438396879,0.000071239502527265,0.00109317650394158,2.36676646604476,2.63742438396879,,
2022-01-29,282684051.49686588376805,2.59573669310327,0.0000687269235373933,0.00101971550273815,2.32794730790381,2.59573669310327,,
2022-01-30,294404349.55894437413288,2.60805575152115,0.0000684739500627479,0.00100572978529148,2.34301533617119,2.60805575152115,,
2022-01-31,294508904.39600894440744,2.70693810405256,0.0000712661458014356,0.00103692042269452,2.42977459399294,2.70693810405256,,
2022-02-01,294879777.00805700198368,2.70076540858616,0.0000702178304276346,0.00100539692248414,2.40491931892334,2.70076540858616,,
2022-02-02,301391416.16881046192016,2.69686823294752,0.0000695284812375773,0.00096469069563053,2.39287857464401,2.69686823294752,,
2022-02-03,294187964.4854460508429,2.74839115750824,0.0000743967990584418,0.00102298133893427,2.43319744594985,2.74839115750824,,
2022-02-04,313646131.7216482778701,2.6716618599649,0.0000720947416317194,0.00100037761570347,2.33657287573905,2.6716618599649,,
2022-02-05,343249234.01553942561979,2.8406690661203,0.0000691498432354187,0.000956476071125143,2.47936786291701,2.8406690661203,,
2022-02-06,356412912.09430299230828,3.09858870064669,0.0000746493513942631,0.0010268354049948,2.70835326163884,3.09858870064669,,
2022-02-07,377058196.57464170135172,3.21154100324116,0.000075818592259296,0.00105318104906882,2.80489542944582,3.21154100324116,,
2022-02-08,345942030.54187130272875,3.38495861206806,0.0000771254789431751,0.00107617057966171,2.96067473461829,3.38495861206806,,
2022-02-09,354178303.29973496959723,3.09755204069425,0.0000701320181663632,0.000990698525072542,2.7141897367015,3.09755204069425,,
2022-02-10,387244655.4868234985383,3.16048372444129,0.0000711739334355524,0.000974939187575266,2.76723350683163,3.16048372444129,,
2022-02-11,340855177.23646976867126,3.44472148223455,0.0000789813916545353,0.00111821076438542,3.0195058777258,3.44472148223455,,
2022-02-12,336759885.33052217121756,3.01802049388046,0.0000712514476785556,0.00103212634766946,2.65809044451012,3.01802049388046,,
2022-02-13,323587143.443819975844,2.97628423452108,0.0000705724471534591,0.00102248428123148,2.6252942838824,2.97628423452108,,
2022-02-14,328779956.95916531646306,2.85364810055382,0.0000676290526958364,0.000990610456561224,2.51370961302202,2.85364810055382,,
2022-02-15,355739252.2798551680674,2.89221310234254,0.0000678188370596869,0.000984986144416442,2.55841950719224,2.89221310234254,,
2022-02-16,353599265.54698278951693,3.12251213870899,0.0000701500395012152,0.000983388413540849,2.74913953662702,3.12251213870899,,
2022-02-17,333157662.580397537738,3.09563647811913,0.0000702504629923244,0.000985706218096476,2.72094013946161,3.09563647811913,,
2022-02-18,341714416.57483511754072,2.90822533339025,0.0000716134842633987,0.00100700905726676,2.55977054319968,2.90822533339025,,
2022-02-19,366998300.48522168301944,2.96652040183548,0.0000740811124765496,0.0010652856368365,2.62019201660986,2.96652040183548,,
2022-02-20,336164418.129456546966,3.18002555942408,0.0000793105171435503,0.00115318793236515,2.80841914083462,3.18002555942408,,
2022-02-21,306517106.21019225648196,2.90265089752054,0.000075292574203915,0.0011009949445393,2.56426847908612,2.90265089752054,,
2022-02-22,318354760.7975615165227,2.63913331643572,0.0000711394348707201,0.00102336724842667,2.33406551956841,2.63913331643572,,
2022-02-23,308595170.25789562950648,2.73329599528166,0.0000715473925521236,0.00103682030193188,2.41244968405658,2.73329599528166,,
2022-02-24,290289258.81187053032992,2.63645878588178,0.0000706668756100473,0.00101723387995519,2.33094706295677,2.63645878588178,,
2022-02-25,302872331.72901541715424,2.47221932409791,0.0000645761377891683,0.000953033921541107,2.20588531848779,2.47221932409791,,
2022-02-26,294667998.12790458606976,2.56856282192244,0.0000653183254765304,0.000921097310267636,2.27581094390695,2.56856282192244,,
2022-02-27,276444133.20412100349432,2.51630281998538,0.0000644271192978702,0.000905899535749574,2.23437740230816,2.51630281998538,,
2022-02-28,307523471.00023919962258,2.35578143021372,0.0000625460038547149,0.000901050886096272,2.10940630612585,2.35578143021372,,
2022-03-01,316058054.57556241553752,2.61631936820207,0.0000605920458249725,0.000897701399730064,2.33172242891928,2.61631936820207,,
2022-03-02,300784917.42065443684005,2.68011821844394,0.0000604522613919927,0.000902538110169383,2.40877128056031,2.68011821844394,,
2022-03-03,285863495.60128541457288,2.54255747041269,0.0000578056488346067,0.000860525466451555,2.28695636473275,2.54255747041269,,
2022-03-04,263958243.49884489168182,2.40584695635118,0.0000566177894287086,0.000848038781768458,2.17374599851579,2.40584695635118,,
2022-03-05,268595867.7180737637861,2.21559335257174,0.0000566555105317574,0.0008463497236182,2.02644301264186,2.21559335257174,,
2022-03-06,243731273.86560699769164,2.24878893583907,0.0000570992157016182,0.000844493120511263,2.05864716470191,2.24878893583907,,
2022-03-07,232985402.13177181688635,2.03613625366644,0.0000530252893507599,0.000796017412368864,1.87027157396878,2.03613625366644,,
2022-03-08,232163876.66246646066884,1.94288747205431,0.0000509319476246137,0.000776844042623639,1.78942027923409,1.94288747205431,,
2022-03-09,240303977.77347399731127,1.93052010401939,0.0000498514218683763,0.000748912413056368,1.77187021903114,1.93052010401939,,
2022-03-10,224756776.8816659848551,1.99424008410387,0.0000474938901310524,0.00073130219652194,1.80157815973311,1.99424008410387,,
2022-03-11,218198809.81111367245722,1.86044359569294,0.0000471210023923828,0.00071242837885993,1.69193599751148,1.86044359569294,,
2022-03-12,281532015.23708327160008,1.80036363262386,0.0000463708109235219,0.000702551600881462,1.64981294672981,1.80036363262386,,
2022-03-13,253690195.29806665368845,2.31381753266008,0.0000594030913024265,0.000897460851713763,2.12407026369202,2.31381753266008,,
2022-03-14,247233581.91637581868749,2.07801129089393,0.0000549617500532156,0.000825757177240579,1.9016201812677,2.07801129089393,,
2022-03-15,248967310.30678152993517,2.01981373945401,0.0000509423044850077,0.000780038309699834,1.84697425457224,2.01981373945401,,
2022-03-16,257894364.28087922294142,2.02915044874019,0.0000515577926072206,0.000774119407759005,1.85066576386737,2.02915044874019,,
2022-03-17,260714291.30726965945358,2.09571246119397,0.0000509883767448841,0.000756871215688748,1.90162851767766,2.09571246119397,,
2022-03-18,259777678.98292217080992,2.11429338639113,0.0000516104054175658,0.000750795449889033,1.90496542156606,2.11429338639113,,
2022-03-19,273992917.21533156227456,2.09902468076022,0.000050184546831854,0.000712522508042817,1.89705462144989,2.09902468076022,,
2022-03-20,260848172.79937199068899,2.21077446702604,0.000052396511342896,0.000749712854502455,1.99882897987185,2.21077446702604,,
2022-03-21,266986989.25434733131844,2.10035618698749,0.0000508625802115015,0.000733924445100505,1.90101056758885,2.10035618698749,,
2022-03-22,294299937.00923843011996,2.14468209321716,0.0000522272465876879,0.000739976119699662,1.94582945564604,2.14468209321716,,
2022-03-23,292302355.71290161047948,2.35885214085826,0.0000556553973580034,0.000792456004629799,2.1390342953151,2.35885214085826,,
2022-03-24,301241170.23190746496698,2.33662054514574,0.0000546779989610095,0.00077342674302159,2.12161485993484,2.33662054514574,,
2022-03-25,299678992.45712191643985,2.40215134952319,0.000054625890849959,0.000772377658132599,2.1810552638345,2.40215134952319,,
2022-03-26,302927530.6359196281783,2.38240186185015,0.0000537217854710703,0.000767413747325366,2.16956992340168,2.38240186185015,,
2022-03-27,323316017.7837669614174,2.40946221122205,0.000054120983140343,0.000765968656020681,2.19291920219483,2.40946221122205,,
2022-03-28,325750447.55370038751288,2.5657101344447,0.000054849581117118,0.000780150001407363,2.33497224452028,2.5657101344447,,
2022-03-29,336456161.77491962040089,2.57935386141214,0.0000546199563942478,0.000770766170628099,2.34519004139737,2.57935386141214,,
2022-03-30,385821145.6350092863854,2.65330757753117,0.0000559018162630451,0.000780689486673493,2.39151320589696,2.65330757753117,,
2022-03-31,351645869.8016816024643,3.03355643167178,0.0000643748764470549,0.000895105404166528,2.71734025360839,3.03355643167178,,
2022-04-01,482576056.75998931022568,2.7566206633811,0.0000605023466388504,0.000839975365345549,2.49029313938845,2.7566206633811,,
2022-04-02,447016538.11686986719787,3.76919739636598,0.0000814955673599436,0.00109362417012608,3.41228509020265,3.76919739636598,,
2022-04-03,533152938.71813266039746,3.47274563902693,0.0000755932389802928,0.00100601978233424,3.14445586140913,3.47274563902693,,
2022-04-04,499306022.33528694748464,4.13107856476338,0.0000889541383873706,0.00117309112006545,3.74189834138348,4.13107856476338,,
2022-04-05,458539929.11895014542344,3.85955351058594,0.0000827112094184648,0.00109478273515149,3.51643120841752,3.85955351058594,,
2022-04-06,389299120.30886437169319,3.53353739797992,0.0000773320790179298,0.00103158286638734,3.24009809227619,3.53353739797992,,
2022-04-07,422377080.76114818094458,2.99339212622649,0.0000691235761980316,0.000940223312038406,2.74878100749389,2.99339212622649,,
2022-04-08,385951976.6471123705351,3.23581146095406,0.0000742685844917484,0.000999265828513549,2.97617315918355,3.23581146095406,,
2022-04-09,387276986.27977623562508,2.94949756697014,0.0000698567748672485,0.000925836234702694,2.71310235658285,2.94949756697014,,
2022-04-10,379757402.88462800657409,2.95595554021253,0.000069256950512155,0.000907301729124165,2.72086283093993,2.95595554021253,,
2022-04-11,332996820.4809628938214,2.89319044228449,0.0000684544463635761,0.000899027958930224,2.65900745493346,2.89319044228449,,
2022-04-12,344937878.66143901646196,2.53272028606598,0.0000640481153426333,0.000848397617551467,2.32891484512656,2.53272028606598,,
2022-04-13,351994581.9626113881384,2.61750680314978,0.0000652803982163865,0.000864447058591629,2.41884020117811,2.61750680314978,,
2022-04-14,373676518.37458494414504,2.66750225917132,0.0000648195298197408,0.000855369144799933,2.45000216402978,2.66750225917132,,
2022-04-15,375967272.3615340277999,2.82837925648314,0.0000708574026451166,0.000936615472372888,2.61598019986695,2.82837925648314,,
2022-04-16,365196066.6125911065305,2.8381880704507,0.0000700314561412415,0.000933821145971804,2.62944413952177,2.8381880704507,,
2022-04-17,344937937.2428851992876,2.75088857303825,0.000068024643693415,0.000897324778253949,2.54813846325658,2.75088857303825,,
2022-04-18,366749023.82416132296384,2.59441798346077,0.000065342704918841,0.000865808345261251,2.40004387480219,2.59441798346077,,
2022-04-19,368085224.15882480275138,2.75535695463872,0.0000675020247730454,0.000900958964499333,2.55808234525978,2.75535695463872,,
2022-04-20,357231673.7706755369056,2.76158282094506,0.0000665607423135412,0.000889576076514052,2.56068123560688,2.76158282094506,,
2022-04-21,341350119.47498985950154,2.67573975937312,0.0000646381953052674,0.000869159544046829,2.46681285188182,2.67573975937312,,
2022-04-22,336398904.36434053702095,2.55253461345266,0.0000630917597352451,0.000855320810609908,2.35613383648658,2.55253461345266,,
2022-04-23,324415677.5957965571066,2.51006481714585,0.000063165395610509,0.000846868511174347,2.32633756388683,2.51006481714585,,
2022-04-24,314958650.53686276068952,2.42208901141015,0.000061190975123759,0.000823443651792658,2.24759530043277,2.42208901141015,,
2022-04-25,316187203.9670151095364,2.34917309913828,0.0000594552076468487,0.000803363450751072,2.17448737494854,2.34917309913828,,
2022-04-26,283237410.25890218942,2.35431139938945,0.0000581688501127221,0.000781588028290462,2.1973983190482,2.35431139938945,,
2022-04-27,295912448.78758407850564,2.10649452210032,0.0000553280681682718,0.000751948204580292,1.98018141961894,2.10649452210032,,
2022-04-28,323743216.71975910130612,2.19809307579212,0.0000560472982759226,0.000761416922822138,2.08180302339723,2.19809307579212,,
2022-04-29,299397181.03456880379359,2.40045708863572,0.0000603919122260065,0.000818123930112989,2.28585314631867,2.40045708863572,,
2022-04-30,274830591.08647243589955,2.19543036178231,0.0000568624309015097,0.000779730468686276,2.08285432953275,2.19543036178231,,
2022-05-01,287178560.21576179352544,2.01368099299935,0.0000533933266606226,0.000737684379926769,1.91213779363198,2.01368099299935,,
2022-05-02,278520710.1265070182048,2.10115209836012,0.0000546332379353346,0.000742695030918771,1.99320913146935,2.10115209836012,,
2022-05-03,271878170.2015941861685,2.0357950814368,0.0000527872157279917,0.000711436413338641,1.93722982192743,2.0357950814368,,
2022-05-04,295239514.22493736831042,1.98512547910582,0.000052649696036967,0.000713836737220327,1.88768657433501,1.98512547910582,,
2022-05-05,259539923.38255344460624,2.15290233154031,0.0000543088229569731,0.000733086262423645,2.02869241061114,2.15290233154031,,
2022-05-06,260687014.39385205841232,1.88974385730076,0.0000517709327105197,0.00068802140214579,1.79456236544064,1.88974385730076,,
2022-05-07,244919075.16178703580945,1.88882181803984,0.0000524046788885324,0.000700216801626583,1.79160958820173,1.88882181803984,,
2022-05-08,232632870.08181377600016,1.77335094238505,0.0000499412930321999,0.000672607687541354,1.68256293796255,1.77335094238505,,
2022-05-09,198614891.98167272050038,1.68248161611054,0.0000493991669085137,0.000667747679976894,1.59787742095936,1.68248161611054,,
2022-05-10,198122512.44446035325013,1.43484752710631,0.0000471091736203818,0.000635464539666942,1.35899593562127,1.43484752710631,,
2022-05-11,137178501.652427299414828,1.42930738320937,0.0000461204736045811,0.000610051931426717,1.35755056797594,1.42930738320937,,
2022-05-12,124496441.205583099774954,0.987600643259354,0.0000342957892283048,0.000477499625421424,0.93872539270831,0.987600643259354,,
2022-05-13,138696112.965478246638252,0.894468516154607,0.0000308111171686952,0.00045672186503628,0.86083620394149,0.894468516154607,,
2022-05-14,142153146.7798459530009,0.994356221226602,0.0000339533715542667,0.000493219583492948,0.956725173468094,0.994356221226602,,
2022-05-15,149183224.20171246966419,1.01890846376193,0.0000339049195387869,0.000496280057497435,0.980011331022474,1.01890846376193,,
2022-05-16,137431870.037814567482841,1.06842019341649,0.000034263322027543,0.000499503585718938,1.02712192045567,1.06842019341649,,
2022-05-17,149774299.95434353969725,0.983029443493629,0.0000328886647256246,0.000486017988395223,0.94212160261676,0.983029443493629,,
2022-05-18,144646760.55169957049436,1.07000715702105,0.0000351534372007471,0.000511260452530232,1.01435440836674,1.07000715702105,,
2022-05-19,155462924.02108915600296,1.03216265569218,0.0000358748304215138,0.000537302652894577,0.984947093649609,1.03216265569218,,
2022-05-20,149869034.0078525758544,1.10705275848232,0.0000365872482294884,0.000549031932047701,1.04596807479331,1.10705275848232,,
2022-05-21,150618793.95241755054753,1.06519493457952,0.000036449013419783,0.0005429043074915,1.00908688778237,1.06519493457952,,
2022-05-22,152047363.40576077962464,1.07249233964979,0.0000364544352748214,0.000543371263793657,1.01571089331914,1.07249233964979,,
2022-05-23,145218724.5847154274648,1.08182008286324,0.0000356661128864694,0.000529120043387438,1.02330637522751,1.08182008286324,,
2022-05-24,142572327.282764019662,1.0324974096666,0.0000354953410718786,0.000523945337359997,0.966679974241442,1.0324974096666,,
2022-05-25,139426926.492841620380104,1.012248196954,0.0000341471797262517,0.000511803985031312,0.943224808903159,1.012248196954,,
2022-05-26,124802602.3485307384724,0.989028370551592,0.0000334388099018637,0.000508673529404194,0.925420516351786,0.989028370551592,,
2022-05-27,123233258.22593840002395,0.88431287706535,0.0000301479007151234,0.000489197254590137,0.825320267142182,0.88431287706535,,
2022-05-28,130775530.264208376102975,0.87199684599189,0.0000304765688170811,0.000506598453939186,0.812830128520928,0.87199684599189,,
2022-05-29,129274940.00556914426648,0.925520284234661,0.0000318644756237472,0.000515995916396766,0.862877757927746,0.925520284234661,,
2022-05-30,146359763.70963393764325,0.914253550124167,0.0000310652873680014,0.000504817500614933,0.852385675211996,0.914253550124167,,
2022-05-31,146580989.3918038242788,1.03406323042365,0.0000325833343076562,0.000517938188441045,0.959863982228749,1.03406323042365,,
2022-06-01,129688180.983648970222824,1.0345637919586,0.0000325013503138085,0.000531276506448205,0.963782425809444,1.0345637919586,,
2022-06-02,135697508.025751021481234,0.913988101423734,0.0000306440852127357,0.0005000927686142,0.857998596760226,0.913988101423734,,
2022-06-03,129580787.018913091019088,0.955364138488658,0.0000313190317662371,0.00052052406959517,0.889172858604759,0.955364138488658,,
2022-06-04,130801177.610795431715913,0.911929882651728,0.0000307433502379653,0.00051424583432845,0.851362368039653,0.911929882651728,,
2022-06-05,128839565.758707005400805,0.919710454487321,0.0000308706320224439,0.000511220543706496,0.858674160218687,0.919710454487321,,
2022-06-06,129464450.570951335719537,0.905381462892295,0.0000302647192215493,0.000501404968175711,0.844565964068424,0.905381462892295,,
2022-06-07,126246520.634059680771949,0.909025435083729,0.0000290111318410101,0.000489498427287038,0.850702220052549,0.909025435083729,,
2022-06-08,122083310.316475031478554,0.885471108996191,0.0000284032137260205,0.00048852032001973,0.827299795906098,0.885471108996191,,
2022-06-09,115200148.972669605834276,0.855581141737414,0.000028303823904827,0.000476779264377454,0.798567959123169,0.855581141737414,,
2022-06-10,108237055.587087911237455,0.806700389962593,0.0000268323364185401,0.000451381144730472,0.759738113193507,0.806700389962593,,
2022-06-11,98702558.615332850736987,0.756865537823555,0.0000260356079393438,0.000455256618116662,0.719936006009874,0.756865537823555,,
2022-06-12,95249091.034938603402723,0.689438776635477,0.0000243095759498873,0.000450760620172303,0.65615063074557,0.689438776635477,,
2022-06-13,81443780.960577829909752,0.664801109012869,0.0000247780124265423,0.000458680885710275,0.633282652163029,0.664801109012869,,
2022-06-14,83245704.024564126038295,0.568003225755498,0.0000254524414527269,0.000476447278113305,0.545635841469212,0.568003225755498,,
2022-06-15,88763807.784359323030064,0.580087465151157,0.0000262805680531562,0.000481182921387757,0.555986594298605,0.580087465151157,,
2022-06-16,77055268.547706207434844,0.618146196992272,0.0000274478013117587,0.000503161590974405,0.59138284910334,0.618146196992272,,
2022-06-17,80154409.93038747843693,0.536307531772926,0.0000264058522076979,0.000504970897223031,0.508674945834373,0.536307531772926,,
2022-06-18,74095595.878515274893984,0.557034319323565,0.0000272189713898776,0.00051244518849905,0.5309971453621,0.557034319323565,,
2022-06-19,79260356.87477830659843,0.515566955285228,0.0000271153126508854,0.000519311138055656,0.491454110781008,0.515566955285228,,
2022-06-20,80657134.961159500453454,0.551171302412607,0.0000268965139280552,0.000490205045666727,0.525734112378159,0.551171302412607,,
2022-06-21,81928844.806053984106798,0.560491478296177,0.0000272458477728441,0.000499375792373662,0.533122409822604,0.560491478296177,,
2022-06-22,78978504.709807520138706,0.568824166493897,0.0000274947495083041,0.000505711141197332,0.540283404568794,0.568824166493897,,
2022-06-23,87904040.801555216277078,0.547526837328801,0.0000273720056788079,0.000520222712765665,0.518485650704047,0.547526837328801,,
2022-06-24,90951185.26866379331,0.608946478410374,0.0000288639858859608,0.000531947878769646,0.578538818607214,0.608946478410374,,
2022-06-25,97097586.06583282612224,0.629232895664125,0.0000295427307059261,0.000509946088360652,0.596479655830229,0.629232895664125,,
2022-06-26,89615621.606149368316055,0.67164792379392,0.0000312855034454015,0.00054057759045452,0.636933391900669,0.67164792379392,,
2022-06-27,87495847.008630056322788,0.619370908375793,0.0000294005816144489,0.000514333407565141,0.586555695073311,0.619370908375793,,
2022-06-28,83025160.853539106600766,0.603922956429122,0.0000291032457185332,0.000505416404827698,0.570748055028137,0.603922956429122,,
2022-06-29,82258438.15915877064815,0.572696555136973,0.000028262860756029,0.000501133872911487,0.544194406157482,0.572696555136973,,
2022-06-30,77604224.089072334579358,0.56686834307983,0.0000282291623203263,0.000517298261922704,0.542416593971888,0.56686834307983,,
2022-07-01,80342556.765215175393942,0.534366632588686,0.0000276402555916292,0.000513054821808273,0.509512202218682,0.534366632588686,,
2022-07-02,82373810.243852966515159,0.552517536218646,0.0000285658900941551,0.000518259075767249,0.529782179941667,0.552517536218646,,
2022-07-03,82008151.162922455810638,0.566449099007339,0.000029453725864353,0.000531120273031545,0.543367257530594,0.566449099007339,,
2022-07-04,85670734.028779488538362,0.563456948788149,0.0000292302295623085,0.000524779503519452,0.540048594846009,0.563456948788149,,
2022-07-05,83544242.638915841163864,0.587882907469646,0.0000290652740148472,0.000511130387712635,0.563350206106209,0.587882907469646,,
2022-07-06,88353291.372510050052608,0.572893625076648,0.0000283704204364029,0.000504949170535732,0.55784471369546,0.572893625076648,,
2022-07-07,90003176.34811419913017,0.605234346863029,0.0000294362601251656,0.000508591810413539,0.594633639865962,0.605234346863029,,
2022-07-08,89493239.667596579433374,0.615884765923903,0.000028445468718503,0.000497304859916881,0.605727254023464,0.615884765923903,,
2022-07-09,90480069.123336756291582,0.611336136622106,0.00002802521786564,0.000496507302899546,0.60057368402606,0.611336136622106,,
2022-07-10,84811046.50948999138432,0.618133351042053,0.0000286369963146661,0.000507988734383974,0.607221962246118,0.618133351042053,,
2022-07-11,82751077.316835191890214,0.578934277875536,0.0000277915932930646,0.00049608671064847,0.569333035043018,0.578934277875536,,
2022-07-12,79450811.551513312517572,0.564634876748431,0.0000282722728891376,0.000514924943050527,0.562084718933697,0.564634876748431,,
2022-07-13,82368921.160770821677716,0.541194095699572,0.0000279843735892448,0.000520224303264332,0.53964376346624,0.541194095699572,,
2022-07-14,84216903.438293398342728,0.560527471634746,0.0000278101112568608,0.00050501728511326,0.558467134038886,0.560527471634746,,
2022-07-15,84928449.099432197383722,0.572766742309932,0.0000278679295560057,0.000481002461142279,0.571357056752741,0.572766742309932,,
2022-07-16,88622921.960899877600402,0.578148228949002,0.00002775326060453,0.000467967063785257,0.57318988659894,0.578148228949002,,
2022-07-17,86388331.681145322429898,0.602343519979198,0.0000284171094362012,0.000445327849696266,0.597571647365894,0.602343519979198,,
2022-07-18,92100560.333824511710037,0.586560132242806,0.000028162246460299,0.000436007354403775,0.580970856594871,0.586560132242806,,
2022-07-19,99772215.832229351790414,0.624861762617821,0.0000280135380878753,0.000398377222019308,0.615981029240656,0.624861762617821,,
2022-07-20,95667336.523561347975885,0.676134177065459,0.000028930226094809,0.000437433634747128,0.660726850331193,0.676134177065459,,
2022-07-21,96945467.457500790309996,0.646956146341141,0.0000277890955744338,0.000424742318130222,0.635637495449025,0.646956146341141,,
2022-07-22,96452419.735529737206908,0.654934268058198,0.0000282879530702131,0.000414907596834582,0.640435205647803,0.654934268058198,,
2022-07-23,97495445.531658553693925,0.650835652928059,0.0000286634923780778,0.00042355925341743,0.637944640489851,0.650835652928059,,
2022-07-24,97063742.056025242310692,0.658151802018815,0.0000292714089867842,0.000424491149296748,0.645027241218216,0.658151802018815,,
2022-07-25,91818304.67247630775211,0.654854185369087,0.0000289076000796373,0.000408435130537839,0.641844566863618,0.654854185369087,,
2022-07-26,89936292.882010210863815,0.618872923924078,0.0000287712371277651,0.000423397523542049,0.606361866327011,0.618872923924078,,
2022-07-27,97832777.525566599616056,0.605781178858555,0.000028599326107111,0.000423266073954262,0.597826064608629,0.605781178858555,,
2022-07-28,101366046.234639672245298,0.658405828549062,0.0000287533362717271,0.00040335040515383,0.645223051622333,0.658405828549062,,
2022-07-29,105082778.93216509348608,0.681623250505311,0.00002859331014985,0.00039523295599808,0.668522494067335,0.681623250505311,,
2022-07-30,103008236.620314765162255,0.705757716667968,0.0000294670521860113,0.000404196364186597,0.690226054886591,0.705757716667968,,
2022-07-31,112649241.755630857997212,0.691062189760545,0.0000292532475017925,0.000408212704233099,0.676496166895611,0.691062189760545,,
2022-08-01,111094016.051108880614562,0.754923304205881,0.0000323222186001308,0.00044864008270698,0.739680633290409,0.754923304205881,,
2022-08-02,118268941.82623296805986,0.743440676810703,0.0000318643251712653,0.00045447044953652,0.724664823175314,0.743440676810703,,
2022-08-03,116880448.126590922177817,0.790758864824055,0.0000343339068320576,0.000482007718870341,0.778720791195083,0.790758864824055,,
2022-08-04,116297722.705827683650415,0.780821698562941,0.0000342319309125905,0.000483114625589695,0.768699253508112,0.780821698562941,,
2022-08-05,118247138.990506511452456,0.776012087247671,0.0000342938261835476,0.000482909559101126,0.757647133354089,0.776012087247671,,
2022-08-06,116327269.73489671036288,0.787987171714979,0.0000338934206889859,0.000456637913544029,0.773885948221207,0.787987171714979,,
2022-08-07,116616684.928703067313227,0.775437381044572,0.0000337201298696077,0.000457341070444657,0.761467693645555,0.775437381044572,,
2022-08-08,118302386.841119768774426,0.776616894502207,0.0000335418653368662,0.000457510811111295,0.763409946615831,0.776616894502207,,
2022-08-09,113902712.662215961789904,0.787384832257201,0.000033078322660922,0.000443331740019152,0.77206505369578,0.787384832257201,,
2022-08-10,115560480.755771084549296,0.757271808005918,0.000032660324310868,0.000444410359530953,0.7421988786486,0.757271808005918,,
2022-08-11,114402399.43674676657909,0.767661328600144,0.0000320887619425426,0.000414765993959088,0.745321495328956,0.767661328600144,,
2022-08-12,116090501.134769125371738,0.758884607347255,0.0000317068056438784,0.000404067576730103,0.73598249034942,0.758884607347255,,
2022-08-13,115892148.616936924086649,0.768649075747799,0.0000315067775453552,0.000393215421456708,0.748892954472951,0.768649075747799,,
2022-08-14,111743345.073783444093678,0.768361754270141,0.0000314564297413112,0.000387819096992219,0.749269277810596,0.768361754270141,,
2022-08-15,109803885.337397550488862,0.740225204913882,0.0000304441495102498,0.000382280615160182,0.721766527273201,0.740225204913882,,
2022-08-16,109340607.35801180496072,0.726589688982494,0.0000301690366017427,0.000382064511209304,0.715163186049777,0.726589688982494,,
2022-08-17,104781076.01410932936682,0.722944614934965,0.0000302882435969251,0.000385238479363477,0.710612295525826,0.722944614934965,,
2022-08-18,101455367.14443956954715,0.692212814066765,0.0000296624298904876,0.000377596583457976,0.68033738184184,0.692212814066765,,
2022-08-19,92275553.580975152064325,0.669482151404763,0.0000288306805395158,0.000362038669161146,0.663301669694439,0.669482151404763,,
2022-08-20,97542566.369490792551232,0.607806565902275,0.0000290722418172859,0.000376152673702887,0.605354876731213,0.607806565902275,,
2022-08-21,101152526.990626940033184,0.642626605603488,0.0000303890431661925,0.000407800648655387,0.64040861486475,0.642626605603488,,
2022-08-22,97611588.284259940704327,0.666086164351341,0.0000309031401437064,0.000410799706587885,0.664180015071841,0.666086164351341,,
2022-08-23,98886869.523956040761192,0.642191891013947,0.0000301483196470531,0.000399388057567901,0.645899854874401,0.642191891013947,,
2022-08-24,100554250.370051714545273,0.650109748192184,0.0000301891994201291,0.000390718564143758,0.652282109152126,0.650109748192184,,
2022-08-25,100087709.33963231005743,0.660552825185569,0.0000308309761060795,0.000398224371832775,0.66238258017295,0.660552825185569,,
2022-08-26,93010670.7004782988368,0.656629761333285,0.0000304166500202344,0.000387369807533751,0.658467339437632,0.656629761333285,,
2022-08-27,92407617.547266295064405,0.609169840648176,0.0000300881585918698,0.000403741498829669,0.611892938899543,0.609169840648176,,
2022-08-28,92722286.52688545631456,0.605265203856895,0.0000301968408092967,0.000405439335215701,0.608054658571031,0.605265203856895,,
2022-08-29,96127310.810576468901714,0.606896552915764,0.0000308483636048915,0.000421187304663904,0.610916549356099,0.606896552915764,,
2022-08-30,93906787.84499777226112,0.628838205697171,0.0000310216286641235,0.000405628258011838,0.628867477985842,0.628838205697171,,
2022-08-31,93054585.360682984432992,0.613781729666128,0.0000309592630078708,0.000401272624619346,0.612563256760817,0.613781729666128,,
2022-09-01,93890031.124644039425088,0.607580362961416,0.0000303415893612226,0.000391550506859595,0.605092255687407,0.607580362961416,,
2022-09-02,93624942.354486568004856,0.611998769488814,0.0000304394274055755,0.000385790708800651,0.614704509366681,0.611998769488814,,
2022-09-03,93869246.274835276445876,0.609699360329324,0.0000305631228923625,0.000386718819783237,0.612635157766983,0.609699360329324,,
2022-09-04,95100679.120685005649664,0.611238270553586,0.0000308646443457997,0.000393065030221131,0.614050792200146,0.611238270553586,,
2022-09-05,94432437.144666514636918,0.618701418107424,0.0000309940962316062,0.000392569548939709,0.624005298575692,0.618701418107424,,
2022-09-06,88858980.97242593960286,0.613414932094982,0.0000309839998182795,0.000380280057594567,0.616536161109409,0.613414932094982,,
2022-09-07,93686885.19511650375096,0.576715184955972,0.0000306012192681647,0.00036834442490839,0.582965855133843,0.576715184955972,,
2022-09-08,94073381.863854047114032,0.60756095410952,0.0000314914155633906,0.000371850011429876,0.607800390679676,0.60756095410952,,
2022-09-09,107719367.419467379342275,0.609533090877346,0.0000315507609982499,0.000372902582501254,0.609104246190259,0.609533090877346,,
2022-09-10,108498056.336175534976636,0.696318494403885,0.000032594124064475,0.000405444308505738,0.692332020128335,0.696318494403885,,
2022-09-11,106371455.260510901415498,0.703308378032572,0.0000323878218163573,0.000395161199681123,0.698957243733917,0.703308378032572,,
2022-09-12,106753831.60944709398474,0.688335452801023,0.000031672696797951,0.000391425899481512,0.683234074267371,0.688335452801023,,
2022-09-13,99827563.678428056657121,0.690269155280202,0.0000308635159042297,0.000403460658246612,0.681528871257517,0.690269155280202,,
2022-09-14,100695267.5137254040806,0.645019318961141,0.0000319870057210909,0.000409785038465009,0.646565709691588,0.645019318961141,,
2022-09-15,100050749.40656113394712,0.65010309178722,0.0000321096186063596,0.000397918517495687,0.651137308695619,0.65010309178722,,
2022-09-16,99177624.3937439196044,0.645430275670535,0.0000327681646909495,0.000438306253831898,0.645771086502927,0.645430275670535,,
2022-09-17,102191654.422248502766749,0.639113906266925,0.000032374003672336,0.000446912756240411,0.63831396510956,0.639113906266925,,
2022-09-18,97138929.316467872428182,0.659298814206173,0.0000327671868938192,0.000448694834862722,0.658643540422072,0.659298814206173,,
2022-09-19,101531190.543283111693344,0.626259289318411,0.000032236375004577,0.000468105812641784,0.625106770172753,0.626259289318411,,
2022-09-20,99596900.33838468729846,0.653955246626208,0.000033436753096881,0.000474072562409485,0.652413874653024,0.653955246626208,,
2022-09-21,109365615.526669554699348,0.640841290833411,0.0000339555445946803,0.000484235313541131,0.642795774099269,0.640841290833411,,
2022-09-22,108249353.42842215683673,0.703063367562517,0.0000379895421533818,0.000562842106227275,0.714249765805641,0.703063367562517,,
2022-09-23,103189425.084611996390146,0.695131869829735,0.0000358047052643221,0.000523179009225337,0.706054812686526,0.695131869829735,,
2022-09-24,103385631.440751019543762,0.661324898111158,0.0000342179088160848,0.000496879970925669,0.68199682428224,0.661324898111158,,
2022-09-25,99841359.721341987275103,0.658526844990059,0.0000347970898450554,0.000500017366431895,0.678963579599068,0.658526844990059,,
2022-09-26,97718753.865915945154857,0.635644928163023,0.0000338232132476196,0.000491016490406928,0.655918415804388,0.635644928163023,,
2022-09-27,96570011.466576016598008,0.621817484491803,0.0000323844184566584,0.000465994960736374,0.646417388914542,0.621817484491803,,
2022-09-28,98082777.647464069835826,0.614141598272228,0.0000321426697173464,0.000461578488330184,0.640323483933933,0.614141598272228,,
2022-09-29,99416828.69995801912864,0.623340062631726,0.0000320401991484077,0.00046547901907358,0.641544172961632,0.623340062631726,,
2022-09-30,98999293.094442318543072,0.63061239592856,0.0000322714654856436,0.000472849692543286,0.641716826538222,0.63061239592856,,
2022-10-01,98803460.242076735159424,0.627142168839092,0.0000322683759430975,0.00047257441993569,0.639956193378608,0.627142168839092,0.629069,binance-mbox-usdt-spot
2022-10-02,97160711.885940176159048,0.625974282443673,0.0000324139792660261,0.000477397441349371,0.638887064202279,0.625974282443673,0.626063,binance-mbox-usdt-spot
2022-10-03,100588368.838149074336661,0.614901331500601,0.0000323372002631574,0.000481688820580597,0.627653036926577,0.614901331500601,0.616,binance-mbox-usdt-spot
2022-10-04,101907748.74888708080166,0.636050968586199,0.0000323963201953036,0.000480252321098245,0.646857766605995,0.636050968586199,0.636064,binance-mbox-usdt-spot
2022-10-05,100158326.35339414123052,0.64383279373773,0.0000316535743752638,0.000472418571927841,0.645061788283075,0.64383279373773,0.646129,binance-mbox-usdt-spot
2022-10-06,98132727.13927497385788,0.63191152622284,0.0000313524386219311,0.000467197633490685,0.638162962943241,0.63191152622284,0.634063,binance-mbox-usdt-spot
2022-10-07,98443194.997447423871622,0.618561258424062,0.0000310047255221906,0.000457734522070996,0.63169364656499,0.618561258424062,0.620124,binance-mbox-usdt-spot
2022-10-08,96273757.528304616150008,0.619782141543658,0.0000317200254027438,0.00046511303250356,0.636434432189379,0.619782141543658,0.621081,binance-mbox-usdt-spot
2022-10-09,96303191.35208408149506,0.608525450315306,0.0000313411565590315,0.000462595486009899,0.624948442120688,0.608525450315306,0.610049,binance-mbox-usdt-spot
2022-10-10,92892035.283117705570162,0.608297044229651,0.0000313097359178416,0.000460505023761786,0.625000082858337,0.608297044229651,0.610061,binance-mbox-usdt-spot
2022-10-11,92041546.516448186897012,0.586311505401542,0.0000306097489756777,0.000453784177959103,0.603882142450431,0.586311505401542,0.584018,binance-mbox-usdt-spot
2022-10-12,92528529.337881102584167,0.580577421072811,0.0000304936614199854,0.000454092890203025,0.598268572193429,0.580577421072811,0.580919,binance-mbox-usdt-spot
2022-10-13,91442242.24705575223218,0.583290011428651,0.0000304480192155324,0.000450544336314442,0.600943194261117,0.583290011428651,0.582994,binance-mbox-usdt-spot
2022-10-14,90281667.622518553220432,0.576270296956926,0.0000297232948481467,0.000447345011636926,0.589834879952546,0.576270296956926,0.575052,binance-mbox-usdt-spot
2022-10-15,90480447.37863828478967,0.568262525126449,0.0000296314312904246,0.00043802726165078,0.584512704961299,0.568262525126449,0.569028,binance-mbox-usdt-spot
2022-10-16,92228238.708988728467148,0.57010665319957,0.0000298956681873852,0.000447143528889553,0.586839471293272,0.57010665319957,0.569017,binance-mbox-usdt-spot
2022-10-17,93488913.767928457409175,0.580613436949548,0.0000301433381361848,0.000444706734895634,0.596042557655164,0.580613436949548,0.582058,binance-mbox-usdt-spot
2022-10-18,92438087.688889651342226,0.588041076602115,0.0000300680278569961,0.000441349855095967,0.597451771486774,0.588041076602115,0.589029,binance-mbox-usdt-spot
2022-10-19,90187469.502506798155389,0.580914083253646,0.0000300347366974783,0.000443006423108448,0.589003821786295,0.580914083253646,0.581041,binance-mbox-usdt-spot
2022-10-20,89815351.82979317963268,0.566165320621479,0.0000295923453276857,0.000440710654091836,0.579862257869782,0.566165320621479,0.567051,binance-mbox-usdt-spot
2022-10-21,90071448.22479157965497,0.563501465306952,0.0000296059650477937,0.000439580223132391,0.576432073870093,0.563501465306952,0.563949,binance-mbox-usdt-spot
2022-10-22,90251913.944126962644646,0.566637835672735,0.0000295510555253133,0.000435917075519469,0.574797881600479,0.566637835672735,0.568,binance-mbox-usdt-spot
2022-10-23,91615223.514055907028128,0.567468951471386,0.0000295439362146285,0.000431763084225965,0.575396824406354,0.567468951471386,0.567943,binance-mbox-usdt-spot
2022-10-24,91933748.697286587035485,0.575083591170202,0.0000293928684781075,0.000421658709378167,0.583431463523515,0.575083591170202,0.576046,binance-mbox-usdt-spot
2022-10-25,95224041.96087096408978,0.576655195256605,0.0000298144601799584,0.000428882443798769,0.583210267865116,0.576655195256605,0.578,binance-mbox-usdt-spot
2022-10-26,97045003.751326650979008,0.596824391976462,0.0000297002013771471,0.000408422872677557,0.598965579802233,0.596824391976462,0.5941603799999999,binance-mbox-usdt-spot
2022-10-27,94220990.245219629642645,0.607636929602897,0.0000292174846828676,0.000386719655571955,0.602292683836549,0.607636929602897,0.6061272600000001,binance-mbox-usdt-spot
2022-10-28,96711632.553624385415106,0.589355365942705,0.000029060664526878,0.000389069191341687,0.591105315532686,0.589355365942705,0.5900413,binance-mbox-usdt-spot
2022-10-29,105006692.451837500423089,0.604241407890481,0.000029325539036252,0.000388338036241268,0.60639844612202,0.604241407890481,0.6041208,binance-mbox-usdt-spot
2022-10-30,100826595.20372554156184,0.656643866913109,0.0000315634986431369,0.00040561239586008,0.658610583079747,0.656643866913109,0.65819082,binance-mbox-usdt-spot
2022-10-31,102622814.91921943240839,0.629731174177424,0.0000305447074962391,0.000396179298205351,0.632453239258259,0.629731174177424,0.630126,binance-mbox-usdt-spot
2022-11-01,100624299.345706065007484,0.63992327740643,0.0000312296962751555,0.000407282141677168,0.647195006977566,0.63992327740643,0.639968,binance-mbox-usdt-spot
2022-11-02,97647891.176383755796777,0.626684863536053,0.000030593921474553,0.000396571748265995,0.634625890816445,0.626684863536053,0.62693103,binance-mbox-usdt-spot
2022-11-03,98934141.044435013767156,0.607552684285667,0.0000301540651098257,0.000399816863177866,0.618981769151649,0.607552684285667,0.608,binance-mbox-usdt-spot
2022-11-04,106389015.06226626629064,0.615140550309166,0.0000304553502376291,0.000402106152279704,0.630986979067182,0.615140550309166,0.6159384,binance-mbox-usdt-spot
2022-11-05,105954739.052473395796145,0.660359981530768,0.0000312120024980933,0.000401491839863625,0.663479083607737,0.660359981530768,0.6610528800000001,binance-mbox-usdt-spot
2022-11-06,101688390.892188004631958,0.658780282928803,0.0000309526704717952,0.000404817792159943,0.661759651378552,0.658780282928803,0.65901977,binance-mbox-usdt-spot
2022-11-07,98505669.28738769648137,0.631565672923986,0.0000301509338604199,0.000401000536137303,0.636222940111684,0.631565672923986,0.6291886999999999,binance-mbox-usdt-spot
2022-11-08,91803667.873619503923782,0.611392587979762,0.0000297246105628564,0.000390052122929348,0.610503260098871,0.611392587979762,0.6130613,binance-mbox-usdt-spot
2022-11-09,73576911.368366459520612,0.569573112786019,0.0000307528750924238,0.000427650085409345,0.566094172416457,0.569573112786019,0.571881,binance-mbox-usdt-spot
2022-11-10,84116448.969106628200296,0.456072084979444,0.0000289417219683221,0.000417266809776172,0.455543696624176,0.456072084979444,0.46001346,binance-mbox-usdt-spot
2022-11-11,80806660.636924103082019,0.521030430162267,0.0000297026274543018,0.000401546035657526,0.51168811884548,0.521030430162267,0.5339035999999999,binance-mbox-usdt-spot
2022-11-12,76610835.308453087428864,0.500206046467231,0.0000295685087828584,0.000390511059066654,0.482768540641537,0.500206046467231,0.50275512,binance-mbox-usdt-spot
2022-11-13,75382762.632366077833945,0.474397128128896,0.0000282863433206259,0.000378910203369974,0.459265565884729,0.474397128128896,0.47417349999999997,binance-mbox-usdt-spot
2022-11-14,76366534.114070359741083,0.466260619757933,0.0000285690185504918,0.000382134621068976,0.450922651738091,0.466260619757933,0.46629950000000003,binance-mbox-usdt-spot
2022-11-15,77115328.507226095772481,0.472149020295597,0.0000283922928021054,0.000380543004844665,0.457399574904814,0.472149020295597,0.47338379999999997,binance-mbox-usdt-spot
2022-11-16,75889631.895955609536144,0.476276262594261,0.0000282562731778281,0.000381158721317973,0.460171605153055,0.476276262594261,0.4783773,binance-mbox-usdt-spot
2022-11-17,74359481.3632614755547,0.467954222817164,0.000028089152493675,0.000385212979308838,0.450074138044343,0.467954222817164,0.4685779,binance-mbox-usdt-spot
2022-11-18,75874298.592963858457176,0.458184906339084,0.0000274770607126326,0.000381909055662108,0.442053598943728,0.458184906339084,0.45763360000000003,binance-mbox-usdt-spot
2022-11-19,74300261.79369885246561,0.466993916417637,0.0000280282851456782,0.000386111714553822,0.452078896765874,0.466993916417637,0.4673916,binance-mbox-usdt-spot
2022-11-20,72944161.81752072554468,0.457692026992935,0.0000274132675937768,0.000375586491564174,0.442911169698012,0.457692026992935,0.45272607600000003,gate.io-mbox-usdt-spot
2022-11-21,69497995.448373376955448,0.448989767984638,0.0000276355056193785,0.000393974063190751,0.434475855827267,0.448989767984638,0.44932500000000003,binance-mbox-usdt-spot
2022-11-22,73366378.064653192628954,0.427424196090444,0.00002708985451887,0.00038588659953868,0.41730976918538,0.427424196090444,0.4264449,binance-mbox-usdt-spot
2022-11-23,79419622.31960413442346,0.448056409847966,0.0000277041659225449,0.000394842145491142,0.43469325967443,0.448056409847966,0.4484612,binance-mbox-usdt-spot
2022-11-24,77601169.605161906240976,0.481792075578286,0.0000290690407353029,0.000407205569623499,0.46255307650731,0.481792075578286,0.4824687,binance-mbox-usdt-spot
2022-11-25,74940668.882349605897694,0.470255979530756,0.0000283568178730184,0.000391004621346258,0.4514222147305,0.470255979530756,0.47062319999999996,binance-mbox-usdt-spot
2022-11-26,80801305.421105290643161,0.453598673411553,0.0000274535770547996,0.000378294633967531,0.435660972426172,0.453598673411553,0.4536822,binance-mbox-usdt-spot
2022-11-27,78762391.38271827375532,0.487557080116247,0.0000296411764956885,0.000404672347174887,0.468726495107394,0.487557080116247,0.4856598,binance-mbox-usdt-spot
2022-11-28,75783695.613302463429935,0.474783449215828,0.0000288866758906689,0.000396688677906397,0.457765013087443,0.474783449215828,0.47171679999999994,binance-mbox-usdt-spot
2022-11-29,76668465.351833243272798,0.456463405778573,0.0000281548874952393,0.000390501127996117,0.441121331296669,0.456463405778573,0.4578168,binance-mbox-usdt-spot
2022-11-30,79317390.19127565260357,0.461510029594619,0.0000280672016153125,0.000379194228637,0.447072832247791,0.461510029594619,0.4598528,binance-mbox-usdt-spot
2022-12-01,77336949.762235094469508,0.47703855086843,0.0000277721001583966,0.000367506982955572,0.457771102003207,0.47703855086843,0.47809559999999995,binance-mbox-usdt-spot
2022-12-02,79585944.639217035819657,0.464638114445044,0.0000273940286983193,0.000364218963276667,0.44134793051917,0.464638114445044,0.464,binance-mbox-usdt-spot
2022-12-03,78158292.093911223947417,0.477391686350007,0.0000279583388028852,0.000369249197484389,0.453125575220212,0.477391686350007,0.47702861999999996,binance-mbox-usdt-spot
2022-12-04,79803976.284468563996016,0.469079206228327,0.0000277569751350955,0.000378005796906663,0.445622608306109,0.469079206228327,0.46905159,binance-mbox-usdt-spot
2022-12-05,78619976.512306078920167,0.478468892162032,0.0000279451499252272,0.000373794047985639,0.453894247707029,0.478468892162032,0.4790574799999999,binance-mbox-usdt-spot
2022-12-06,78953255.955496853252085,0.470938949050399,0.000027765413687156,0.000374197748317746,0.448556233279755,0.470938949050399,0.47095289999999995,binance-mbox-usdt-spot
2022-12-07,76456823.821337293658016,0.472377289835233,0.0000276721157456584,0.000371896259791716,0.450890845675442,0.472377289835233,0.4729527,binance-mbox-usdt-spot
2022-12-08,78280175.262576887443984,0.457023164692654,0.0000271258507681818,0.000370794089173633,0.434817103162347,0.457023164692654,0.458,binance-mbox-usdt-spot
2022-12-09,77027149.082144811128436,0.467240828411221,0.0000271155739637535,0.000364566774925258,0.442390929082531,0.467240828411221,0.468,binance-mbox-usdt-spot
2022-12-10,77611880.347769896070663,0.459192177334748,0.0000267966961136516,0.000363512543025273,0.435653762476129,0.459192177334748,0.4590459,binance-mbox-usdt-spot
2022-12-11,77560468.952450261488438,0.462750566177609,0.0000270231701034239,0.00036529917772396,0.438912904809037,0.462750566177609,0.4629537,binance-mbox-usdt-spot
2022-12-12,75800785.828607573719257,0.461912866884778,0.0000270213596221549,0.000365706563232908,0.438649801259172,0.461912866884778,0.46201848000000006,binance-mbox-usdt-spot
2022-12-13,75427391.959407977216784,0.451012195812207,0.0000262284632723832,0.000353796037502718,0.427424151985219,0.451012195812207,0.45004049999999995,binance-mbox-usdt-spot
2022-12-14,74645494.048495550839538,0.448564209544688,0.0000252357982222521,0.000339717935305542,0.421958939158501,0.448564209544688,0.44891020000000004,binance-mbox-usdt-spot
2022-12-15,72328014.458641156255091,0.443636402566478,0.0000249097852658804,0.000339133152286712,0.415462991734901,0.443636402566478,0.4450445,binance-mbox-usdt-spot
2022-12-16,65513426.261665307491449,0.429460870012337,0.0000247612731543775,0.000339728861607562,0.403488620526274,0.429460870012337,0.42901287,binance-mbox-usdt-spot
2022-12-17,68781706.927743331595892,0.388575619338759,0.0000233995568644801,0.00033367069837653,0.367037190545746,0.388575619338759,0.39,binance-mbox-usdt-spot
2022-12-18,70590742.863900587320234,0.408328850085702,0.0000243424030790336,0.000343976501889577,0.385663712331008,0.408328850085702,0.4090409,binance-mbox-usdt-spot
2022-12-19,66211712.686059449647052,0.418966787518037,0.0000249740040769297,0.000352843586473095,0.395496971731278,0.418966787518037,0.41805852,binance-mbox-usdt-spot
2022-12-20,69188498.94524852751711,0.392657781697477,0.0000239073697400163,0.000336428836830853,0.369832004150227,0.392657781697477,0.393,binance-mbox-usdt-spot
2022-12-21,67727361.03085086833241,0.410028278669445,0.0000242594201685477,0.000336699081750016,0.385896200765957,0.410028278669445,0.41001229999999994,binance-mbox-usdt-spot
2022-12-22,66493897.189635417381328,0.40101431521077,0.000023869142479485,0.000330767017195754,0.377784681165095,0.40101431521077,0.402,binance-mbox-usdt-spot
2022-12-23,65590307.642772636677592,0.393286472249522,0.0000233901074163363,0.000323201502827799,0.370934304063993,0.393286472249522,0.39394878000000005,binance-mbox-usdt-spot
2022-12-24,66010998.136412547827961,0.387434450065354,0.0000230883500508893,0.000317603676027947,0.36463201697833,0.387434450065354,0.388,binance-mbox-usdt-spot
2022-12-25,64989392.229138834581352,0.390149995400913,0.0000231713375661599,0.000319642939860156,0.366893389482672,0.390149995400913,0.39098045000000003,binance-mbox-usdt-spot
2022-12-26,64904174.627679544457042,0.383980513040924,0.0000228222400012956,0.000315311245496435,0.36149491839633,0.383980513040924,0.38396544,binance-mbox-usdt-spot
2022-12-27,64685054.215031134482872,0.383334103462529,0.0000227094494244872,0.000313084790131571,0.359961282649987,0.383334103462529,0.3839232,binance-mbox-usdt-spot
2022-12-28,62956194.454220255381808,0.381754699732408,0.0000228610532470939,0.000315089463300277,0.358779289945468,0.381754699732408,0.38183956,binance-mbox-usdt-spot
2022-12-29,62865048.92570446272052,0.370942733315932,0.0000224320351842796,0.000312212994671026,0.348882313582159,0.370942733315932,0.37177679999999996,binance-mbox-usdt-spot
2022-12-30,62575068.89682957295476,0.370363440549815,0.0000222700078760946,0.000308399511943796,0.34738672046132,0.370363440549815,0.37083676,binance-mbox-usdt-spot
2022-12-31,62813534.433223270229155,0.368504931920472,0.0000222075353903161,0.000307450411448207,0.344247664781206,0.368504931920472,0.3688155,binance-mbox-usdt-spot
2023-01-01,62851150.863215743417795,0.370347306106211,0.000022412395584086,0.000309828276434962,0.345560535741561,0.370347306106211,0.37080336999999997,binance-mbox-usdt-spot
2023-01-02,63193942.394641054604672,0.370377883495723,0.000022302849017745,0.000308646713757679,0.345270427079619,0.370377883495723,0.3708516,binance-mbox-usdt-spot
2023-01-03,63889072.876613949342,0.372116809869848,0.0000222975055056036,0.000306309878982473,0.348304776881013,0.372116809869848,0.37288436999999997,binance-mbox-usdt-spot
2023-01-04,65393136.253902291177354,0.375966728566125,0.0000225533883204337,0.000309634952339556,0.356272607322185,0.375966728566125,0.37584584,binance-mbox-usdt-spot
2023-01-05,64065230.967609247457544,0.384659321148931,0.0000228306602702552,0.000306276413143543,0.362603993196078,0.384659321148931,0.3848768,binance-mbox-usdt-spot
2023-01-06,65441772.7325735016666,0.376641413220563,0.0000223860853699259,0.000301277434465338,0.357895662692823,0.376641413220563,0.37686428,binance-mbox-usdt-spot
2023-01-07,67240828.563546983915102,0.384295589132983,0.0000226617944483692,0.000302773218223088,0.360916438668037,0.384295589132983,0.3848922,binance-mbox-usdt-spot
2023-01-08,69304111.566430948867107,0.395050374521218,0.0000233169470984386,0.000312662503202451,0.371047734541752,0.395050374521218,0.39496050000000005,binance-mbox-usdt-spot
2023-01-09,69519814.19480385465935,0.406905331390263,0.0000238524888983699,0.000316746576793316,0.381776331501169,0.406905331390263,0.4089182,binance-mbox-usdt-spot
2023-01-10,74767143.187083431716313,0.407847950655686,0.0000237364892613759,0.000308830305344375,0.379988568248762,0.407847950655686,0.408,binance-mbox-usdt-spot
2023-01-11,73122629.60328043380201,0.438253536052399,0.0000251379879562912,0.000328118472073987,0.40824360876881,0.438253536052399,0.43707429,binance-mbox-usdt-spot
2023-01-12,73358990.615525528546798,0.428371776559899,0.0000240203389069973,0.000310298733792561,0.397836058744798,0.428371776559899,0.429957,binance-mbox-usdt-spot
2023-01-13,78263620.819614726976238,0.429517631921051,0.0000227622871508266,0.000303086656043921,0.395660138205921,0.429517631921051,0.4300559,binance-mbox-usdt-spot
2023-01-14,81828456.104157916022456,0.457813934537641,0.0000230419385442445,0.000315758997667656,0.42259896889887,0.457813934537641,0.4590459,binance-mbox-usdt-spot
2023-01-15,81688309.025200861859463,0.478911899735306,0.0000227934730005156,0.000308660600559826,0.44182904712974,0.478911899735306,0.48009599999999997,binance-mbox-usdt-spot
2023-01-16,81077485.192971157162216,0.477646066931819,0.0000228801432825663,0.000307698273381053,0.440984234096308,0.477646066931819,0.47809559999999995,binance-mbox-usdt-spot
2023-01-17,83526369.599084202799776,0.473791826927308,0.0000223693395613742,0.000300257461808463,0.437536314429718,0.473791826927308,0.4736219176,binance-mbox-btc-spot
2023-01-18,75689616.99508227894336,0.487870369452108,0.0000230363335754086,0.000310707834341328,0.452226123588884,0.487870369452108,0.48807320000000004,binance-mbox-usdt-spot
2023-01-19,77450687.734986009522177,0.441774544161728,0.000021331801710999,0.000290645304787157,0.409018896460088,0.441774544161728,0.4409559,binance-mbox-usdt-spot
2023-01-20,81435716.447646245868965,0.451825499313561,0.0000214421541025698,0.000291439263136835,0.416936752714708,0.451825499313561,0.45300453,binance-mbox-usdt-spot
2023-01-21,82022105.81388725782148,0.474832224057115,0.0000209539806383678,0.000286375992673403,0.437409224129778,0.474832224057115,0.47707631999999994,binance-mbox-usdt-spot
2023-01-22,83082467.018576770232176,0.478543967381708,0.0000209858501878634,0.000293923232790877,0.440829899237205,0.478543967381708,0.47707631999999994,binance-mbox-usdt-spot
2023-01-23,85225261.307889747646621,0.484470798769126,0.0000213270332358937,0.000297537707364657,0.445861604021668,0.484470798769126,0.48810736000000005,binance-mbox-usdt-spot
2023-01-24,84515038.348810869957696,0.496626793011067,0.0000216593071582843,0.000305065388582409,0.456972030995095,0.496626793011067,0.49609919999999996,binance-mbox-usdt-spot
2023-01-25,86412786.560613892984924,0.492233451055464,0.0000217695231951748,0.000316805128237535,0.452190591689696,0.492233451055464,0.49305915999999994,binance-mbox-usdt-spot
2023-01-26,85877494.45333795881367,0.502998823847354,0.0000217662808508883,0.000312862379626043,0.460557411907017,0.502998823847354,0.5030804799999999,binance-mbox-usdt-spot
2023-01-27,91229758.135928778803353,0.499770109246066,0.0000217209289452952,0.000311979006189476,0.458532627417746,0.499770109246066,0.502,binance-mbox-usdt-spot
2023-01-28,89548201.727446648092246,0.530113702897547,0.000022977992860178,0.000331731739079386,0.4877812968636,0.530113702897547,0.5311593,binance-mbox-usdt-spot
2023-01-29,97203799.613062026924172,0.520222510795802,0.0000226097100586043,0.000331312365746665,0.478764801293395,0.520222510795802,0.5201196,binance-mbox-usdt-spot
2023-01-30,92778448.14543085479699,0.564318985238666,0.0000237358179368753,0.000342780822434124,0.519116348788836,0.564318985238666,0.56302252,binance-mbox-usdt-spot
2023-01-31,94619228.001358243989128,0.53818530142069,0.000023605211448819,0.000343671328378332,0.496046418027041,0.53818530142069,0.5400378,binance-mbox-usdt-spot
2023-02-01,96536777.055465663784649,0.548401072689586,0.0000237094613858785,0.000346033428299045,0.504877629911381,0.548401072689586,0.548,binance-mbox-usdt-spot
2023-02-02,102755162.217234431087566,0.559327753520339,0.0000235732700045563,0.000340658404576568,0.508032390066265,0.559327753520339,0.5610280500000001,binance-mbox-usdt-spot
2023-02-03,102581514.546206024465829,0.595166640646117,0.0000253202010592584,0.000361509456365663,0.545537512149674,0.595166640646117,0.5910945599999999,binance-mbox-usdt-spot
2023-02-04,102809664.642064788423308,0.593462138245641,0.0000253120731516431,0.000356304195242889,0.549640410307671,0.593462138245641,0.59404158,binance-mbox-usdt-spot
2023-02-05,98688095.625075912588708,0.591055305365398,0.000025306873679595,0.000353703589615797,0.547669718328878,0.591055305365398,0.5890588999999999,binance-mbox-usdt-spot
2023-02-06,100001594.927060760849125,0.567018089214758,0.0000246988947709852,0.00034762475619277,0.525548554410743,0.567018089214758,0.5661301799999999,binance-mbox-usdt-spot
2023-02-07,106687867.97258390806796,0.574357274605975,0.0000252518402776506,0.000355798942449181,0.535453630602848,0.574357274605975,0.5750517499999999,binance-mbox-usdt-spot
2023-02-08,101669712.964053797979316,0.61266579431542,0.0000263327905712731,0.000366268680887657,0.571002202887294,0.61266579431542,0.613,binance-mbox-usdt-spot
2023-02-09,,0.583427280754796,0.000025435433125236,0.000353542367337217,0.544627204767495,0.583427280754796,0.584,binance-mbox-usdt-spot
