time,ReferenceRate,ReferenceRateBTC,ReferenceRateETH,ReferenceRateEUR,ReferenceRateUSD,principal_market_price_usd,principal_market_usd
2021-11-20,0.995125131502046,0.0000171531678476104,0.000231894366937717,0.883393505306221,0.995125131502046,,
2021-11-21,0.996060432495617,0.0000166706142960824,0.000225703121381252,0.884292964452025,0.996060432495617,,
2021-11-22,0.994,0.0000168381469589877,0.000230622146221731,0.882875110566479,0.994,,
2021-11-23,0.999976329631794,0.0000177352445538699,0.000244088817170368,0.890081883187733,0.999976329631794,,
2021-11-24,0.995,0.0000172616392888791,0.000228832624183816,0.884980924011928,0.995,,
2021-11-25,0.995,0.0000174128128799936,0.000233460162066203,0.888339532758207,0.995,,
2021-11-26,0.995652834599649,0.0000168729964530328,0.000219983072484118,0.888455300842866,0.995652834599649,,
2021-11-27,0.995,0.0000184942114043724,0.000245557230002981,0.880579633096444,0.995,,
2021-11-28,0.995011572180012,0.0000182116866668329,0.000243462257225301,0.880365251283913,0.995011572180012,,
2021-11-29,0.995,0.0000173803468851202,0.000231876402250425,0.88176809235642,0.995,,
2021-11-30,0.999808533021625,0.0000172616758396246,0.000224756381521348,0.885201194965632,0.999808533021625,,
2021-12-01,0.995,0.0000174264808490964,0.000214206353655642,0.877522125600928,0.995,,
2021-12-02,0.996,0.000017418492085309,0.000217252157356938,0.880032247713448,0.996,,
2021-12-03,1.001,0.0000176908590798501,0.000221091132999115,0.886102353883919,1.001,,
2021-12-04,0.996,0.00001855729476706,0.000235297833563553,0.881995169312588,0.996,,
2021-12-05,0.996124663939217,0.0000202630190696097,0.000243089970457473,0.88254345400695,0.996124663939217,,
2021-12-06,0.996,0.0000201917430627046,0.000237675891003533,0.880856283547399,0.996,,
2021-12-07,0.996,0.0000197089466567216,0.000229390494982209,0.882871047205114,0.996,,
2021-12-08,0.995,0.0000196739569240075,0.000231193046766857,0.882671785328876,0.995,,
2021-12-09,0.995,0.0000197027150000273,0.000224741300714746,0.877313941715108,0.995,,
2021-12-10,0.996316130917592,0.000020783508131397,0.000239655336709297,0.882674002081483,0.996316130917592,,
2021-12-11,0.997477440093513,0.0000210273125496247,0.000253706917066606,0.882168451377811,0.997477440093513,,
2021-12-12,0.999482817066043,0.0000202645369527406,0.000244996199561709,0.885463462100805,0.999482817066043,,
2021-12-13,0.997165166569258,0.0000198889776800143,0.000240803702181782,0.881451045636814,0.997165166569258,,
2021-12-14,1.00145657510228,0.0000214053555102813,0.000264370329391831,0.887904434771635,1.00145657510228,,
2021-12-15,0.997413909994156,0.0000206535206478646,0.000259017194810315,0.886024214845073,0.997413909994156,,
2021-12-16,0.997282583284629,0.0000204233027259122,0.00024834945589652,0.882681741260701,0.997282583284629,,
2021-12-17,0.998850029222677,0.0000209563015013736,0.000251380979726347,0.881572454364939,0.998850029222677,,
2021-12-18,1.00051607247224,0.0000215933359243335,0.000257504588028227,0.890475313807998,1.00051607247224,,
2021-12-19,0.999204617182934,0.0000213027887911858,0.00025195084674072,0.889419779815922,0.999204617182934,,
2021-12-20,0.999513442431327,0.0000213223043652916,0.000253840437816057,0.888836001363049,0.999513442431327,,
2021-12-21,0.998997895967271,0.0000212757518505784,0.000253573728674453,0.885920988532043,0.998997895967271,,
2021-12-22,0.999189304500292,0.0000203575248122401,0.000247999461529575,0.884499674752904,0.999189304500292,,
2021-12-23,0.999550789012274,0.0000205279873920988,0.000250846382720913,0.882584701382428,0.999550789012274,,
2021-12-24,0.999303506721216,0.0000197050871124784,0.000243622661414822,0.88241505428451,0.999303506721216,,
2021-12-25,0.999921098772648,0.0000196897518702766,0.000247189229982075,0.883796463169792,0.999921098772648,,
2021-12-26,0.998565458796026,0.0000197382201794562,0.000243557230682007,0.883682118811614,0.998565458796026,,
2021-12-27,0.999658094681473,0.0000196789649472027,0.000245594995039998,0.883079117209593,0.999658094681473,,
2021-12-28,0.999269374634716,0.0000196720597097694,0.000247075517150312,0.882235345575804,0.999269374634716,,
2021-12-29,0.999743308007013,0.0000209708301206519,0.000262667985460107,0.884326192391468,0.999743308007013,,
2021-12-30,0.999721683226184,0.0000215131216944668,0.000274749703166069,0.880849561272666,0.999721683226184,,
2021-12-31,0.999940035067212,0.0000212290392327587,0.000269668275877154,0.883302360844795,0.999940035067212,,
2022-01-01,1.00041502045587,0.0000215815443487725,0.000271339327696177,0.880058403598547,1.00041502045587,,
2022-01-02,1.00070748100526,0.0000210409437259573,0.000266070622834826,0.88032364850209,1.00070748100526,,
2022-01-03,1.00034663939217,0.0000211255038119512,0.0002610258887654,0.880550431475922,1.00034663939217,,
2022-01-04,0.999273524254822,0.0000215112958001955,0.000265380256093197,0.884434331939721,0.999273524254822,,
2022-01-05,0.997634365867913,0.0000217321311106703,0.000262767669515412,0.8843664733693,0.997634365867913,,
2022-01-06,0.997001578024547,0.0000229032840899197,0.000281181486540959,0.882686978485736,0.997001578024547,,
2022-01-07,0.99765756867329,0.0000231233832708522,0.000292290697000884,0.883807450681321,0.99765756867329,,
2022-01-08,0.998375569842198,0.0000240498338023616,0.000312957957049222,0.879113583777158,0.998375569842198,,
2022-01-09,0.998213588544711,0.0000238808147609245,0.000322745655560112,0.879394782733361,0.998213588544711,,
2022-01-10,0.995276154295733,0.0000237612640966329,0.000315475937023174,0.877044248311092,0.995276154295733,,
2022-01-11,0.999423962594974,0.0000238999720772087,0.00032450244112188,0.882446476641834,0.999423962594974,,
2022-01-12,0.996532378725891,0.000023300790706455,0.000307386316142493,0.877380275855811,0.996532378725891,,
2022-01-13,0.997547106954997,0.0000226916244995713,0.000295758113953988,0.873023395195797,0.997547106954997,,
2022-01-14,0.996418176504968,0.0000233753565346892,0.000306300727129227,0.870114347937091,0.996418176504968,,
2022-01-15,0.99972226767972,0.0000231939874445403,0.000302148129463079,0.875835016394253,0.99972226767972,,
2022-01-16,0.998003156049094,0.0000230983561690473,0.000299300975836893,0.875194974572735,0.998003156049094,,
2022-01-17,0.998457101110462,0.0000231291053043536,0.000297484561257681,0.875282215502134,0.998457101110462,,
2022-01-18,0.998821683226183,0.000023662440712484,0.000311050843705251,0.875928858519005,0.998821683226183,,
2022-01-19,0.998518118059614,0.0000235326214151718,0.000315408158813984,0.881609181089028,0.998518118059614,,
2022-01-20,0.99644716540035,0.0000238454530996867,0.00032087361016981,0.878722769509284,0.99644716540035,,
2022-01-21,0.998310929281122,0.0000244947452877868,0.000331458217071776,0.88299768463165,0.998310929281122,,
2022-01-22,0.997661192285213,0.0000273389603166695,0.000388943293642619,0.88024522000157,0.997661192285213,,
2022-01-23,0.997176738749269,0.0000284937021003148,0.000415346883265708,0.880531888299816,0.997176738749269,,
2022-01-24,0.996896434833431,0.000027484631063855,0.000393486789526647,0.879497457425223,0.996896434833431,,
2022-01-25,0.998257218001169,0.0000272303518914368,0.000409268907489798,0.88179388856324,0.998257218001169,,
2022-01-26,0.996439801285798,0.0000269653598921417,0.000405323420541811,0.881986571353879,0.996439801285798,,
2022-01-27,0.996654354178843,0.0000270640064417252,0.000403976820739124,0.887027774526748,0.996654354178843,,
2022-01-28,0.997360315604909,0.0000269397117718354,0.000413392273769143,0.895009147517401,0.997360315604909,,
2022-01-29,0.997636002337814,0.0000264142558962138,0.000391913748561828,0.894714803732151,0.997636002337814,,
2022-01-30,0.99727983635301,0.0000261833703797139,0.000384575381529262,0.89593251588527,0.99727983635301,,
2022-01-31,0.997714319111631,0.0000262670409890573,0.000382184709710495,0.89555830663845,0.997714319111631,,
2022-02-01,0.99769333722969,0.0000259392620142633,0.00037140501268445,0.888404440251196,0.99769333722969,,
2022-02-02,0.997720689655173,0.0000257224299665597,0.000356892433375016,0.885258105156137,0.997720689655173,,
2022-02-03,0.997900116890707,0.0000270123756852798,0.000371429370564934,0.883457949243616,0.997900116890707,,
2022-02-04,0.996944769140853,0.0000269025345719642,0.00037329620416645,0.87190454042528,0.996944769140853,,
2022-02-05,0.998840093512566,0.0000243145661377508,0.000336317475245359,0.871798851046877,0.998840093512566,,
2022-02-06,0.997497603740502,0.0000240311174958521,0.000330558830123034,0.871873020128061,0.997497603740502,,
2022-02-07,0.997551841028639,0.0000235503691891618,0.00032713351421476,0.871241748653576,0.997551841028639,,
2022-02-08,0.996315078901228,0.000022700802711327,0.000316755712215862,0.87143307197482,0.996315078901228,,
2022-02-09,0.997083635300994,0.0000225750808075657,0.00031889998098152,0.873681582750882,0.997083635300994,,
2022-02-10,0.997987375803624,0.0000224746251675526,0.000307856988426149,0.873810576641068,0.997987375803624,,
2022-02-11,0.999660724722384,0.000022920458338402,0.000324505591782352,0.876262841451212,0.999660724722384,,
2022-02-12,0.998290356516657,0.0000235683068586116,0.000341403175251597,0.879233942540826,0.998290356516657,,
2022-02-13,0.997720689655173,0.0000236575491775679,0.000342760852743622,0.880060577911979,0.997720689655173,,
2022-02-14,0.996347223845704,0.0000236125887041694,0.000345870248723293,0.877658178667051,0.996347223845704,,
2022-02-15,0.998543950905903,0.0000234146264839799,0.000340068978816444,0.883300860755143,0.998543950905903,,
2022-02-16,0.998967387492694,0.0000224426995252649,0.000314609811179678,0.879516433807248,0.998967387492694,,
2022-02-17,1.00046867329047,0.0000227040183835395,0.000318567182950478,0.879371783693391,1.00046867329047,,
2022-02-18,1.00264430157802,0.0000246895765223049,0.000347178013104285,0.882510484665407,1.00264430157802,,
2022-02-19,0.9909821157218,0.000024747194568968,0.000355864403827156,0.875289253568198,0.9909821157218,,
2022-02-20,1,0.0000249402137377518,0.000362634799883181,0.883143574903605,1,,
2022-02-21,0.998317182933957,0.0000258955944854772,0.000378668400115181,0.881936331549316,0.998317182933957,,
2022-02-22,0.998652308591467,0.000026919277030493,0.000387243819330218,0.883214161635746,0.998652308591467,,
2022-02-23,0.998611963763881,0.0000261398993383806,0.000378803159105261,0.881390497273619,0.998611963763881,,
2022-02-24,1.00139096434833,0.0000268409925820104,0.000386370089102468,0.885350205252122,1.00139096434833,,
2022-02-25,0.999482723553478,0.0000261072039381594,0.000385297910365752,0.891807714824533,0.999482723553478,,
2022-02-26,0.999467521917007,0.0000254163707200803,0.000358413210017805,0.885553238194058,0.999467521917007,,
2022-02-27,0.999828100526008,0.0000255994802367731,0.000359950243230722,0.887807817193076,0.999828100526008,,
2022-02-28,0.999087784921099,0.0000265257836085433,0.000382136017520712,0.894600002723801,0.999087784921099,,
2022-03-01,0.999029608416131,0.0000231367961225823,0.000342783181880138,0.89035756620918,0.999029608416131,,
2022-03-02,0.998995838690824,0.0000225331693036711,0.000336414942488088,0.897853112999931,0.998995838690824,,
2022-03-03,0.998821490356517,0.0000227084441519569,0.000338049911906758,0.898410828932776,0.998821490356517,,
2022-03-04,0.996127931034483,0.0000234422897493456,0.00035112587477352,0.90002778372073,0.996127931034483,,
2022-03-05,0.997647697253068,0.0000255111072404585,0.000381098296697082,0.912476200937355,0.997647697253068,,
2022-03-06,0.997653682057277,0.0000253315203927962,0.000374651287954572,0.913299105660758,0.997653682057277,,
2022-03-07,0.999642437171245,0.0000260328007926073,0.000390805273811267,0.918211063236895,0.999642437171245,,
2022-03-08,0.996289526592636,0.0000261172953746592,0.000398356361134732,0.917593380222055,0.996289526592636,,
2022-03-09,0.99718699006429,0.0000257501536605868,0.000386841718686376,0.915238296053748,0.99718699006429,,
2022-03-10,0.998519140853302,0.0000237802653489184,0.000366164157864347,0.902053012862354,0.998519140853302,,
2022-03-11,0.998481087083577,0.0000252893609901086,0.000382353038726932,0.908044779203255,0.998481087083577,,
2022-03-12,0.997219988310929,0.000025684755395625,0.00038914277456148,0.913830082790194,0.997219988310929,,
2022-03-13,0.997380257159556,0.0000256059389485103,0.000386854072301823,0.915588941618301,0.997380257159556,,
2022-03-14,0.997870999415546,0.0000263928962732615,0.000396532561366952,0.913167141634761,0.997870999415546,,
2022-03-15,0.996719158386908,0.0000251385411737578,0.000384926150548778,0.911427914673537,0.996719158386908,,
2022-03-16,0.997108153126826,0.000025335083161428,0.000380396029012753,0.909402219539964,0.997108153126826,,
2022-03-17,1.00046050847458,0.0000243410574060419,0.000361318537403901,0.907807854824534,1.00046050847458,,
2022-03-18,0.999353383985973,0.0000243944542582942,0.000354875051096184,0.900411292336193,0.999353383985973,,
2022-03-19,1.00001388077148,0.0000239088391347092,0.000339458799572981,0.903791637811754,1.00001388077148,,
2022-03-20,1.00107234950321,0.0000237259383524384,0.000339481398895989,0.90510020491921,1.00107234950321,,
2022-03-21,0.999643991817651,0.0000242075477634564,0.000349304163997586,0.904767393285651,0.999643991817651,,
2022-03-22,0.998665563997662,0.0000243194797189259,0.000344567929793331,0.906070357425815,0.998665563997662,,
2022-03-23,0.999546049094097,0.0000235835606549351,0.000335797337522142,0.906399872092475,0.999546049094097,,
2022-03-24,1.00086583869082,0.0000234207224625056,0.00033128888104163,0.908770506438884,1.00086583869082,,
2022-03-25,1.00001028638223,0.0000227406373722435,0.000321539108373722,0.907968475606479,1.00001028638223,,
2022-03-26,1.0000097194623,0.0000225496413842704,0.000322120805252554,0.910673822580832,1.0000097194623,,
2022-03-27,0.999674745762712,0.000022454546001703,0.000317796858528575,0.909832051203008,0.999674745762712,,
2022-03-28,0.99873617182934,0.000021350915653303,0.00030368357492842,0.908918435294981,0.99873617182934,,
2022-03-29,0.999275853302163,0.0000211604946299642,0.00029860502444948,0.908557687579201,0.999275853302163,,
2022-03-30,0.998886919929865,0.0000210452770490467,0.000293905057735717,0.900329566175954,0.998886919929865,,
2022-03-31,1.00013261835184,0.0000212237402491926,0.000295107123184981,0.895879369317191,1.00013261835184,,
2022-04-01,0.999433226183518,0.0000219355736159844,0.000304539286255043,0.902874210987366,0.999433226183518,,
2022-04-02,0.998622863822326,0.0000215916887091869,0.000289748183995238,0.904061408999638,0.998622863822326,,
2022-04-03,0.999259935710111,0.0000217514620923207,0.000289475639022066,0.904796690723192,0.999259935710111,,
2022-04-04,0.999339129164232,0.0000215186784269452,0.000283779608636817,0.905193491548478,0.999339129164232,,
2022-04-05,0.998845178258329,0.0000214055051935285,0.000283327709603518,0.910045772800212,0.998845178258329,,
2022-04-06,0.999730783167738,0.0000218792816413327,0.000291861958926887,0.916709076061682,0.999730783167738,,
2022-04-07,0.999261689070719,0.0000230750060779131,0.000313867711035756,0.91760499012752,0.999261689070719,,
2022-04-08,0.999501911163063,0.000022940641948586,0.000308660784910118,0.91930286929607,0.999501911163063,,
2022-04-09,0.999028030391584,0.000023661276071784,0.000313591155449004,0.918958311375061,0.999028030391584,,
2022-04-10,0.999408176504968,0.0000234157657921577,0.000306758594406529,0.91992336264784,0.999408176504968,,
2022-04-11,1.00012804208065,0.0000236635689143433,0.00031077908291121,0.919174860013921,1.00012804208065,,
2022-04-12,0.997698158971362,0.0000252300607826639,0.000334203798881222,0.91741439675242,0.997698158971362,,
2022-04-13,0.99918926943308,0.0000249196958432506,0.000329988148989089,0.923351630101653,0.99918926943308,,
2022-04-14,0.99949724137931,0.0000242874925483517,0.000320501734403069,0.918001248509472,0.99949724137931,,
2022-04-15,0.999569193454121,0.0000250415062442158,0.000331006519069342,0.924505867619858,0.999569193454121,,
2022-04-16,0.996692255990649,0.0000245930883645212,0.000327931864121538,0.923387226768653,0.996692255990649,,
2022-04-17,0.994885739333723,0.0000246017772574081,0.000324526276413173,0.921559180473016,0.994885739333723,,
2022-04-18,0.993873290473407,0.0000250315753128926,0.000331675078769028,0.919412183517291,0.993873290473407,,
2022-04-19,0.999287147866745,0.0000244810044292542,0.000326751389675231,0.927741433464504,0.999287147866745,,
2022-04-20,0.9997,0.0000240951578877782,0.000322028800637875,0.926973115497639,0.9997,,
2022-04-21,0.998931396843951,0.0000241313163956163,0.000324482511564713,0.920932911824068,0.998931396843951,,
2022-04-22,0.999221689070719,0.0000246980606636404,0.000334826058996681,0.922338141611437,0.999221689070719,,
2022-04-23,0.998889362945646,0.0000251368974022494,0.000337014383790918,0.925774438697462,0.998889362945646,,
2022-04-24,0.9991,0.0000252409812183385,0.000339666522836443,0.927122188360451,0.9991,,
2022-04-25,0.999157966101695,0.0000252876828737611,0.000341689163641164,0.924860064021834,0.999157966101695,,
2022-04-26,0.998869403857393,0.0000246794390284279,0.000331606247195266,0.932295510931192,0.998869403857393,,
2022-04-27,0.999742969023963,0.0000262587187199312,0.000356874856645621,0.939794730480499,0.999742969023963,,
2022-04-28,0.998837761542957,0.0000254685111231147,0.000345996256104178,0.945994277841991,0.998837761542957,,
2022-04-29,0.99936023962595,0.0000251424098182702,0.000340602017304177,0.951648233525834,0.99936023962595,,
2022-04-30,0.999656873173583,0.0000258914702399878,0.00035503878228791,0.948397035306751,0.999656873173583,,
2022-05-01,0.999179216832262,0.0000264935223117772,0.000366035585361886,0.948793949865319,0.999179216832262,,
2022-05-02,0.998974821741672,0.0000259749064193006,0.000353108009981552,0.947654259945058,0.998974821741672,,
2022-05-03,0.998645447106955,0.000025894410067543,0.000348990299448659,0.950294928653757,0.998645447106955,,
2022-05-04,0.9988463471654,0.000026491502486574,0.000359177908373915,0.949818467000386,0.9988463471654,,
2022-05-05,0.996579485680889,0.0000251395792821089,0.000339345970164464,0.939082655795677,0.996579485680889,,
2022-05-06,0.997089929865576,0.000027316017176603,0.000363022326523895,0.946869098784867,0.997089929865576,,
2022-05-07,0.97609455873758,0.0000270813908580167,0.000361854042279981,0.925857777437477,0.97609455873758,,
2022-05-08,0.992154570426651,0.0000279411598407436,0.000376310619262275,0.941360488231872,0.992154570426651,,
2022-05-09,0.999504523670368,0.0000293463478696121,0.000396685955089478,0.949244078049223,0.999504523670368,,
2022-05-10,1.03450005844535,0.0000339648930934711,0.00045815885730463,0.979812383035903,1.03450005844535,,
2022-05-11,0.999222144944477,0.0000322426086245678,0.00042648446835766,0.94905728910295,0.999222144944477,,
2022-05-12,0.994570870835769,0.0000345378399574792,0.000480869693150274,0.945350671522773,0.994570870835769,,
2022-05-13,0.995301239041496,0.0000342844298490148,0.00050820775685008,0.957877583079345,0.995301239041496,,
2022-05-14,0.999374371712449,0.000034124721744796,0.000495708681504002,0.96155341388292,0.999374371712449,,
2022-05-15,1.00282278784337,0.0000333696569836675,0.000488445202401348,0.964539730551959,1.00282278784337,,
2022-05-16,0.996293617767388,0.0000319502844198332,0.000465783254163665,0.957783295677623,0.996293617767388,,
2022-05-17,0.999879707773232,0.0000334524145665861,0.00049434890015306,0.958270659079603,0.999879707773232,,
2022-05-18,0.998674102863823,0.0000328098995681252,0.000477176783734669,0.946731498116225,0.998674102863823,,
2022-05-19,0.997916393921683,0.0000346845346606548,0.000519475416848461,0.952267403279884,0.997916393921683,,
2022-05-20,0.999207562828755,0.0000330230468727761,0.000495547167497805,0.94407353471004,0.999207562828755,,
2022-05-21,0.997443687901812,0.0000341306902479424,0.00050837312219839,0.944904368288537,0.997443687901812,,
2022-05-22,0.998713004091175,0.000033946646721647,0.000505991443610109,0.945837690445534,0.998713004091175,,
2022-05-23,1.00103240210403,0.0000330026547131217,0.000489606651257256,0.946888355197839,1.00103240210403,,
2022-05-24,0.996783611922852,0.0000342675671133019,0.000505822214113326,0.933242783252128,0.996783611922852,,
2022-05-25,0.997958866160141,0.0000336651434546593,0.000504579139913548,0.929909841933644,0.997958866160141,,
2022-05-26,0.998694997077732,0.000033765636205764,0.000513645234138752,0.934465448506979,0.998694997077732,,
2022-05-27,0.999841011104617,0.0000340864735948688,0.000553106813599933,0.933141506570633,0.999841011104617,,
2022-05-28,0.9995,0.0000349328448522345,0.000580673149266099,0.931681940354431,0.9995,,
2022-05-29,0.998663354763296,0.0000343826976742051,0.000556774629028338,0.931070243582332,0.998663354763296,,
2022-05-30,1.00548005260082,0.0000341650593236367,0.000555189451551138,0.937438846621862,1.00548005260082,,
2022-05-31,1.0023167445938,0.0000315830024803043,0.00050203711307514,0.9303954667513,1.0023167445938,,
2022-06-01,0.99992073056692,0.0000314130208333207,0.000513486356849022,0.931509525863538,0.99992073056692,,
2022-06-02,1.0014855698422,0.0000335776900090535,0.000547967408513738,0.940136104903026,1.0014855698422,,
2022-06-03,0.999554126241964,0.000032767681107822,0.000544600703136282,0.930301195067623,0.999554126241964,,
2022-06-04,0.999508170660433,0.000033695825019978,0.000563632054303098,0.933123981609262,0.999508170660433,,
2022-06-05,0.9987,0.0000335219634074952,0.000555126838570384,0.932421589453863,0.9987,,
2022-06-06,0.9993878842782,0.0000334071272173772,0.000553466213799997,0.932257867603513,0.9993878842782,,
2022-06-07,1.0045,0.0000320581590014701,0.000540910244348157,0.940051121852356,1.0045,,
2022-06-08,1.00238109292811,0.0000321533295983366,0.0005530203383531,0.936529340341387,1.00238109292811,,
2022-06-09,0.9992,0.0000330549371252772,0.00055681199330614,0.932616517394867,0.9992,,
2022-06-10,0.999249286966686,0.0000332368663353686,0.000559119956596334,0.941077725182741,0.999249286966686,,
2022-06-11,0.998591028638223,0.0000343507838765303,0.000600655138674658,0.949867051500889,0.998591028638223,,
2022-06-12,1.00180746931619,0.0000353236800537296,0.000654989785120498,0.953437237872378,1.00180746931619,,
2022-06-13,1.00047150789012,0.0000372888900436883,0.00069027736438095,0.953038798131633,1.00047150789012,,
2022-06-14,1.0025421157218,0.0000449242950519549,0.000840943221042935,0.963063035764624,1.0025421157218,,
2022-06-15,1.00148534774985,0.0000453717851478149,0.000830732733091789,0.959876675822159,1.00148534774985,,
2022-06-16,1.0017332554062,0.000044480376156248,0.000815395615106328,0.958362066297862,1.0017332554062,,
2022-06-17,1.00075259789597,0.00004927345530493,0.000942278277515917,0.949190051173615,1.00075259789597,,
2022-06-18,1.00030804792519,0.0000488791357965226,0.00092023602207961,0.953551153860728,1.00030804792519,,
2022-06-19,1.00082542372881,0.0000526366051880656,0.00100809368107021,0.954017249599632,1.00082542372881,,
2022-06-20,1.00339291642314,0.0000489643989695312,0.000892405443214938,0.95708517837047,1.00339291642314,,
2022-06-21,1.0003197194623,0.000048626178730664,0.000891245401360983,0.951473626421505,1.0003197194623,,
2022-06-22,1.00172000584454,0.0000484192519595559,0.000890575677257681,0.951458688048135,1.00172000584454,,
2022-06-23,1.0032,0.0000501520550681063,0.000953172319356304,0.949989606580587,1.0032,,
2022-06-24,0.999855008766803,0.0000473930006728824,0.000873427747507679,0.949927384522332,0.999855008766803,,
2022-06-25,0.999608994739918,0.0000469320335066941,0.000810108149574303,0.9475766973657,0.999608994739918,,
2022-06-26,0.998540017533606,0.0000465122068455975,0.000803677548203593,0.946929868737861,0.998540017533606,,
2022-06-27,1.00434867913501,0.0000476748825476912,0.000834023799854735,0.951136757667291,1.00434867913501,,
2022-06-28,0.997090397428405,0.0000480501138945435,0.000834453863016266,0.942317888335288,0.997090397428405,,
2022-06-29,0.998713120981882,0.0000492869908511656,0.000873916509110949,0.949008840579515,0.998713120981882,,
2022-06-30,0.999303366452367,0.0000497637542882859,0.000911918791920469,0.956198621766045,0.999303366452367,,
2022-07-01,1.00080031560491,0.0000517666613753469,0.000960886021458542,0.95425114834501,1.00080031560491,,
2022-07-02,0.997858533021625,0.0000515906108227676,0.000935987017913582,0.956797991454863,0.997858533021625,,
2022-07-03,0.99917366452367,0.0000519541601484301,0.000936856269058812,0.958459029841243,0.99917366452367,,
2022-07-04,0.993270040911748,0.0000515274705115582,0.000925088882214485,0.95200545676243,0.993270040911748,,
2022-07-05,0.997139666861484,0.0000492991670282555,0.000866955609783355,0.955528438921484,0.997139666861484,,
2022-07-06,0.998403261250731,0.0000494421984237813,0.000879993905607304,0.972176957546895,0.998403261250731,,
2022-07-07,1.00032161309176,0.0000486517782151882,0.000840592380183055,0.98280093473274,1.00032161309176,,
2022-07-08,0.999056937463471,0.0000461427923452355,0.000806702646052538,0.982579938367256,0.999056937463471,,
2022-07-09,0.997166791350088,0.0000457126855454349,0.00080986639666006,0.979611865869067,0.997166791350088,,
2022-07-10,1.00271884862653,0.0000464541444404458,0.000824045293783372,0.985018695104755,1.00271884862653,,
2022-07-11,1.00047475160725,0.0000480275369057109,0.000857303233854099,0.983882538285151,1.00047475160725,,
2022-07-12,0.996234389246055,0.0000498832283908967,0.000908526832599571,0.991734924162224,0.996234389246055,,
2022-07-13,0.936862501461134,0.000048443821636215,0.000900561639437491,0.934178717314639,0.936862501461134,,
2022-07-14,0.9302,0.0000461511108736322,0.000838080383896808,0.926780852627831,0.9302,,
2022-07-15,0.964089333722969,0.0000469077054466092,0.000809630357397458,0.961716530434652,0.964089333722969,,
2022-07-16,0.9971,0.0000478645004224649,0.000807076690606691,0.98854862353685,0.9971,,
2022-07-17,0.999671122150789,0.0000471620640649544,0.000739082228769122,0.991751549528398,0.999671122150789,,
2022-07-18,0.997303874926943,0.0000478831000908828,0.000741325228465291,0.987800661265955,0.997303874926943,,
2022-07-19,0.990811765049678,0.0000444196537196506,0.000631686657943183,0.976730034275337,0.990811765049678,,
2022-07-20,0.991775832846289,0.0000424358064609901,0.000641642032206146,0.969175859612969,0.991775832846289,,
2022-07-21,0.983772554061952,0.000042256572849556,0.000645870415619841,0.966561220404105,0.983772554061952,,
2022-07-22,0.999653132670953,0.0000431770671999324,0.000633290544063897,0.977522616882984,0.999653132670953,,
2022-07-23,0.9974857685564,0.0000439303310991444,0.000649156704190208,0.977728704862139,0.9974857685564,,
2022-07-24,0.972130058445353,0.0000432356432692513,0.000626999127723403,0.952744287535025,0.972130058445353,,
2022-07-25,0.980170426651081,0.0000432682196076172,0.000611336149486359,0.960697933986342,0.980170426651081,,
2022-07-26,0.999199818819404,0.0000464525330062747,0.000683595472442579,0.979000120301389,0.999199818819404,,
2022-07-27,0.992193220338983,0.0000468420916001499,0.000693256482098423,0.979163745833568,0.992193220338983,,
2022-07-28,0.991593600233782,0.000043304027692534,0.000607466797922548,0.971739648966884,0.991593600233782,,
2022-07-29,0.997943325540619,0.0000418625729066637,0.000578648234460276,0.978762916954029,0.997943325540619,,
2022-07-30,0.997947188778492,0.0000416666530115373,0.000571536967755566,0.975985291875741,0.997947188778492,,
2022-07-31,0.997754073641145,0.0000422357745722706,0.00058937660690389,0.976723681781226,0.997754073641145,,
2022-08-01,0.997277083576856,0.0000426986525925039,0.000592667454779854,0.977141042853495,0.997277083576856,,
2022-08-02,0.99737332554062,0.0000427480348512927,0.000609701241474569,0.972184314279456,0.99737332554062,,
2022-08-03,0.999315458796026,0.0000433892117867964,0.000609133562901396,0.984102435450112,0.999315458796026,,
2022-08-04,0.999825938047925,0.0000438332752520372,0.000618618225651105,0.984303399393216,0.999825938047925,,
2022-08-05,0.999025482174167,0.0000441493203541831,0.000621690000781576,0.975382735855982,0.999025482174167,,
2022-08-06,0.999031724137931,0.0000429710072997196,0.000578938056925181,0.981153806672882,0.999031724137931,,
2022-08-07,0.997653798947984,0.0000433832782475828,0.000588400904441081,0.979680830344161,0.997653798947984,,
2022-08-08,0.995932255990649,0.0000430140341416236,0.000586711128068163,0.97899568727016,0.995932255990649,,
2022-08-09,0.994372507305669,0.0000417739500359878,0.000559874759877301,0.975025466322142,0.994372507305669,,
2022-08-10,0.992253758036236,0.0000427948448542901,0.000582311192220399,0.972503688587861,0.992253758036236,,
2022-08-11,0.997251759205143,0.0000416857969858529,0.000538813278361217,0.968230578640183,0.997251759205143,,
2022-08-12,0.996215873758036,0.0000416226957073316,0.00053043444301312,0.966151418272952,0.996215873758036,,
2022-08-13,0.998219614260666,0.0000409168296954283,0.000510656109156174,0.972562980589339,0.998219614260666,,
2022-08-14,0.9961,0.0000407799444612956,0.000502766568438714,0.971348617339865,0.9961,,
2022-08-15,0.996684172998247,0.0000409918519064592,0.0005147258378192,0.971830288346907,0.996684172998247,,
2022-08-16,0.996,0.0000413553356329829,0.000523729222881437,0.98033669360637,0.996,,
2022-08-17,0.997416680303917,0.0000417874326145981,0.000531497541131299,0.980402291052788,0.997416680303917,,
2022-08-18,0.997031326709527,0.0000427243923055846,0.000543872657245809,0.979926503299939,0.997031326709527,,
2022-08-19,0.991525008766803,0.0000426991828157242,0.000536191134985012,0.982371512786137,0.991525008766803,,
2022-08-20,0.970374751607247,0.000046414387429718,0.000600534903352011,0.966460583179573,0.970374751607247,,
2022-08-21,0.986613015780246,0.000046655748864797,0.000626088967214786,0.983207774676565,0.986613015780246,,
2022-08-22,0.997848030391584,0.0000462952680534092,0.000615409387017297,0.99499247294875,0.997848030391584,,
2022-08-23,0.996025669199299,0.0000467593886996593,0.000619442199248568,1.00177664057897,0.996025669199299,,
2022-08-24,0.998503272939801,0.0000463675779547305,0.000600104468792786,1.00183980117144,0.998503272939801,,
2022-08-25,0.999887907656342,0.0000466692730911417,0.00060279771541023,1.00265763297747,0.999887907656342,,
2022-08-26,0.996375160724722,0.0000461544638048108,0.000587797990541343,0.999163516182973,0.996375160724722,,
2022-08-27,0.995084862653419,0.000049149299853761,0.000659515667228247,0.999533070146046,0.995084862653419,,
2022-08-28,0.990141028638223,0.0000493983973141316,0.000663249956982139,0.994704240834124,0.990141028638223,,
2022-08-29,0.998336680303916,0.0000507451439065763,0.000692847460583087,1.00494952046884,0.998336680303916,,
2022-08-30,0.998067381648159,0.0000492363145476142,0.000643797291145092,0.998113841478754,0.998067381648159,,
2022-08-31,1.03407410870836,0.0000521588876856044,0.000676047545237339,1.03202127588091,1.03407410870836,,
2022-09-01,0.998287469316189,0.0000498528759402474,0.000643338706170724,0.994199374200917,0.998287469316189,,
2022-09-02,0.998383050847458,0.0000496573031096325,0.000629358953062465,1.00279705454933,0.998383050847458,,
2022-09-03,0.9998,0.0000501181602868649,0.000634151027828599,1.00461419281232,0.9998,,
2022-09-04,0.998948684979544,0.0000504421882053847,0.0006423874517792,1.00354519821449,0.998948684979544,,
2022-09-05,0.996740268848626,0.0000499321044149401,0.000632437337785463,1.00528492559122,0.996740268848626,,
2022-09-06,0.997407159555815,0.0000503797048840717,0.000618331951564538,1.00248224984579,0.997407159555815,,
2022-09-07,0.997777258912916,0.0000529432924210475,0.000637274169656216,1.00859156850478,0.997777258912916,,
2022-09-08,1.00210043249562,0.0000519413911353565,0.000613322918065943,1.00249535499497,1.00210043249562,,
2022-09-09,1.00129911747516,0.0000518294242200124,0.000612578762910591,1.00059464086324,1.00129911747516,,
2022-09-10,0.999169795441262,0.0000467703565765105,0.000581785073997372,0.993449475331363,0.999169795441262,,
2022-09-11,0.999560140268849,0.0000460304138681273,0.000561613364093577,0.993376195152115,0.999560140268849,,
2022-09-12,0.999389222676797,0.0000459853574360817,0.000568308408097462,0.991982568397143,0.999389222676797,,
2022-09-13,1.01457976037405,0.0000453641863190351,0.000593019425586298,1.00173301037587,1.01457976037405,,
2022-09-14,0.999537410870836,0.0000495678314433493,0.000635012726472456,1.00193373504512,0.999537410870836,,
2022-09-15,0.99731219170076,0.000049258824502661,0.000610440088372676,0.998898766421968,0.99731219170076,,
2022-09-16,0.997869947399182,0.0000506613464057837,0.000677645060888387,0.998396859290692,0.997869947399182,,
2022-09-17,0.99707700175336,0.0000505064499455338,0.00069722537198465,0.995829019315577,0.99707700175336,,
2022-09-18,0.99644243132671,0.0000495232429858482,0.000678142539529175,0.995452072192817,0.99644243132671,,
2022-09-19,0.99723739333723,0.0000513322822168327,0.000745398317225687,0.99540215478957,0.99723739333723,,
2022-09-20,0.999251087083577,0.0000510917406855842,0.000724388290770829,0.996895853101205,0.999251087083577,,
2022-09-21,0.9893,0.0000524189385859183,0.00074753921530748,0.992317237376198,0.9893,,
2022-09-22,0.989282793687902,0.0000534552106202291,0.000791976992321662,1.00502321171541,0.989282793687902,,
2022-09-23,0.990949888953828,0.000051041637199565,0.000745821337787044,1.00652116324116,0.990949888953828,,
2022-09-24,0.999057299824664,0.0000516926728225167,0.000750631895922536,1.03028618414709,0.999057299824664,,
2022-09-25,0.994356867329047,0.0000525426192018323,0.000755012048298266,1.02521575722678,0.994356867329047,,
2022-09-26,0.995,0.0000529448056458814,0.000768607419501966,1.02673488737093,0.995,,
2022-09-27,0.98909195207481,0.0000515121695143104,0.000741233363272918,1.02822170974997,0.98909195207481,,
2022-09-28,0.995149023962595,0.0000520836668396311,0.00074793725654829,1.03757389476608,0.995149023962595,,
2022-09-29,0.9882,0.0000507943042595078,0.00073793807621872,1.01705953094698,0.9882,,
2022-09-30,0.991273687901812,0.0000507282362549276,0.00074328297632088,1.00872899000744,0.991273687901812,,
2022-10-01,1.03728817066043,0.0000533716377486754,0.000781634340525071,1.05848246556488,1.03728817066043,1.0392,coinbase-musd-usd-spot
2022-10-02,0.997195821157218,0.0000516364419077656,0.000760508453616188,1.01776627008833,0.997195821157218,0.9923,coinbase-musd-usd-spot
2022-10-03,0.991414377556984,0.0000521377392249189,0.000776633904933418,1.01197413804219,0.991414377556984,0.9908,coinbase-musd-usd-spot
2022-10-04,0.995374213909994,0.000050697920985253,0.000751560488390061,1.01228607886281,0.995374213909994,0.9952,coinbase-musd-usd-spot
2022-10-05,0.998820847457627,0.0000491063056900503,0.000732894507638119,1.00072746884324,0.998820847457627,1,coinbase-musd-usd-spot
2022-10-06,0.9951,0.0000493721199535164,0.000735717494924493,1.00494442350285,0.9951,0.9951,coinbase-musd-usd-spot
2022-10-07,0.9966,0.0000499535155727968,0.000737482696310761,1.0177583539108,0.9966,0.9966,coinbase-musd-usd-spot
2022-10-08,0.993578474576271,0.0000508506656462909,0.000745626997559881,1.02027391548841,0.993578474576271,0.9916,coinbase-musd-usd-spot
2022-10-09,0.995088141437755,0.0000512504665411722,0.000756456911001126,1.02194375509204,0.995088141437755,0.9902,coinbase-musd-usd-spot
2022-10-10,1.01834368790181,0.0000524152998017353,0.000770926619886458,1.04630606930355,1.01834368790181,1.017,coinbase-musd-usd-spot
2022-10-11,0.9907,0.0000517217861679781,0.000766766438936234,1.02038938859969,0.9907,0.9907,coinbase-musd-usd-spot
2022-10-12,0.992927428404442,0.0000521515162619192,0.000776608371873773,1.02318356402069,0.992927428404442,0.9915,coinbase-musd-usd-spot
2022-10-13,0.997679398012858,0.000052079344556635,0.000770626606705195,1.02787401214343,0.997679398012858,0.9989,coinbase-musd-usd-spot
2022-10-14,0.998078877849211,0.0000514796492629863,0.000774785043726449,1.02157223477955,0.998078877849211,0.9994,coinbase-musd-usd-spot
2022-10-15,0.99011162478083,0.0000516282937591485,0.000763196347735311,1.0184251088623,0.99011162478083,0.9901,coinbase-musd-usd-spot
2022-10-16,0.990405786090006,0.0000519356204416166,0.000776790685987474,1.01947452220208,0.990405786090006,0.9901,coinbase-musd-usd-spot
2022-10-17,0.999593483343074,0.000051895258445001,0.000765614307061031,1.02615650708582,0.999593483343074,0.9997,coinbase-musd-usd-spot
2022-10-18,0.997106382232613,0.0000509845717761734,0.000748370776845225,1.01306353948591,0.997106382232613,0.9956,coinbase-musd-usd-spot
2022-10-19,0.9992,0.0000516611832511155,0.000761992230401281,1.01311473709253,0.9992,0.9992,coinbase-musd-usd-spot
2022-10-20,0.991366861484512,0.0000518167917442746,0.000771693217610396,1.0153504740394,0.991366861484512,0.9914,coinbase-musd-usd-spot
2022-10-21,0.9961,0.000052334383492762,0.000777044758922959,1.01895740141373,0.9961,0.9961,coinbase-musd-usd-spot
2022-10-22,0.994978059614261,0.0000518896727946547,0.000765441166557728,1.00930655332296,0.994978059614261,0.9967,coinbase-musd-usd-spot
2022-10-23,0.995562980713033,0.0000518316449271223,0.000757481694776968,1.00947157745544,0.995562980713033,0.9904,coinbase-musd-usd-spot
2022-10-24,0.9909,0.0000506454954064874,0.000726540665631976,1.0052838336581,0.9909,0.9909,coinbase-musd-usd-spot
2022-10-25,1.037,0.0000536153934984646,0.000771260014437941,1.04878799801153,1.037,1.037,coinbase-musd-usd-spot
2022-10-26,0.993646732904734,0.0000494475568722714,0.000679978999745081,0.997211574282224,0.993646732904734,1.029,
2022-10-27,1.023,0.0000491897140782851,0.000651070052487843,1.01400258204756,1.023,1.029,
2022-10-28,1.0492,0.0000517352534371674,0.000692640500358798,1.05231534808353,1.0492,1.029,
2022-10-29,0.998277732320281,0.0000484492327501753,0.000641580019393357,1.00184141267417,0.998277732320281,1.029,
2022-10-30,1.00482957919345,0.0000483000583079431,0.000620688555219027,1.00783914751152,1.00482957919345,1.029,
2022-10-31,1.06,0.0000514146214665422,0.000666871949997116,1.06458193766484,1.06,1.029,
2022-11-01,1.0049,0.0000490413818264216,0.000639573271705578,1.01631912054778,1.0049,1.029,
2022-11-02,1.00535686732905,0.0000490801850222093,0.000636198755875916,1.01809623088243,1.00535686732905,1.029,
2022-11-03,1.005,0.0000498801770105021,0.000661368072081176,1.02390573539942,1.005,1.029,
2022-11-04,0.998144570426651,0.0000494177183813573,0.000652468890941132,1.02385743688866,0.998144570426651,1.029,
2022-11-05,0.998334021040327,0.0000471863904993316,0.000606976458471624,1.00304948806684,0.998334021040327,1.029,
2022-11-06,0.998334021040327,0.0000469065404275057,0.000613472176852295,1.0028490391149,0.998334021040327,1.029,
2022-11-07,0.998334021040327,0.0000476604481995284,0.000633873078990891,1.00569589721233,0.998334021040327,1.029,
2022-11-08,0.998334021040327,0.0000485368821449575,0.000636910410684046,0.996881850541684,0.998334021040327,1.029,
2022-11-09,0.998334021040327,0.0000539028980834364,0.000749574760080618,0.992236218229525,0.998334021040327,1.029,
2022-11-10,0.998334021040327,0.0000633529361258066,0.000913389934990849,0.997177387936134,0.998334021040327,1.029,
2022-11-11,0.998334021040327,0.0000569124983596081,0.000769392813172031,0.980433440416287,0.998334021040327,1.029,
2022-11-12,0.998334021040327,0.0000590141772132518,0.000779399766580528,0.96353145231724,0.998334021040327,1.029,
2022-11-13,0.998334021040327,0.0000595265384071527,0.000797388779387328,0.966490756222466,0.998334021040327,1.029,
2022-11-14,0.998334021040327,0.0000611705598930819,0.000818207621798671,0.965493127688049,0.998334021040327,1.029,
2022-11-15,0.998334021040327,0.000060033994822089,0.000804637967833746,0.967147102308873,0.998334021040327,1.029,
2022-11-16,0.998334021040327,0.0000592286473980049,0.000798955876648694,0.964576664893328,0.998334021040327,1.029,
2022-11-17,0.998334021040327,0.000059925426867196,0.000821813766900388,0.96018862976609,0.998334021040327,1.029,
2022-11-18,0.998334021040327,0.0000598694634591716,0.000832137414253236,0.963185693904635,0.998334021040327,1.029,
