time,ReferenceRate,ReferenceRateUSD,principal_market_price_usd,principal_market_usd
2019-02-24,0.752759761103928,0.752759761103928,,
2019-02-25,0.644102808711627,0.644102808711627,,
2019-02-26,0.639297199253048,0.639297199253048,,
2019-02-27,0.62700580724901,0.62700580724901,,
2019-02-28,0.591987435066188,0.591987435066188,,
2019-03-01,0.571702271650787,0.571702271650787,,
2019-03-02,0.573295049621836,0.573295049621836,,
2019-03-03,0.566260637706953,0.566260637706953,,
2019-03-04,0.54837576202856,0.54837576202856,,
2019-03-05,0.503810013234663,0.503810013234663,,
2019-03-06,0.534005165376981,0.534005165376981,,
2019-03-07,0.518807245424912,0.518807245424912,,
2019-03-08,0.528704233649393,0.528704233649393,,
2019-03-09,0.522164398131493,0.522164398131493,,
2019-03-10,0.53403733889104,0.53403733889104,,
2019-03-11,0.511227285296381,0.511227285296381,,
2019-03-12,0.49349845333708,0.49349845333708,,
2019-03-13,0.509553657875581,0.509553657875581,,
2019-03-14,0.73384616388346,0.73384616388346,,
2019-03-15,0.619937088093557,0.619937088093557,,
2019-03-16,0.627439619674989,0.627439619674989,,
2019-03-17,0.6234641314766,0.6234641314766,,
2019-03-18,0.642339839502949,0.642339839502949,,
2019-03-19,0.620526148622684,0.620526148622684,,
2019-03-20,0.607163111178148,0.607163111178148,,
2019-03-21,0.648477760909603,0.648477760909603,,
2019-03-22,0.622302505837942,0.622302505837942,,
2019-03-23,0.642610387367242,0.642610387367242,,
2019-03-24,0.628499979767959,0.628499979767959,,
2019-03-25,0.621949877034733,0.621949877034733,,
2019-03-26,0.593101895630345,0.593101895630345,,
2019-03-27,0.579283143586881,0.579283143586881,,
2019-03-28,0.607644633241629,0.607644633241629,,
2019-03-29,0.602232510365705,0.602232510365705,,
2019-03-30,0.598345191087844,0.598345191087844,,
2019-03-31,0.587836802487454,0.587836802487454,,
2019-04-01,0.597867557843808,0.597867557843808,,
2019-04-02,0.594099899780945,0.594099899780945,,
2019-04-03,0.63279894754073,0.63279894754073,,
2019-04-04,0.614839327515253,0.614839327515253,,
2019-04-05,0.643667558407368,0.643667558407368,,
2019-04-06,0.66195075671158,0.66195075671158,,
2019-04-07,0.647505486859429,0.647505486859429,,
2019-04-08,0.642735678715821,0.642735678715821,,
2019-04-09,0.625756330071279,0.625756330071279,,
2019-04-10,0.601508868014273,0.601508868014273,,
2019-04-11,0.594165531226501,0.594165531226501,,
2019-04-12,0.526718670251516,0.526718670251516,,
2019-04-13,0.526161752888452,0.526161752888452,,
2019-04-14,0.531296334383157,0.531296334383157,,
2019-04-15,0.551394733521583,0.551394733521583,,
2019-04-16,0.528573553171303,0.528573553171303,,
2019-04-17,0.539217072814717,0.539217072814717,,
2019-04-18,0.584948716579916,0.584948716579916,,
2019-04-19,0.586571462317519,0.586571462317519,,
2019-04-20,0.584903013283589,0.584903013283589,,
2019-04-21,0.58503674003226,0.58503674003226,,
2019-04-22,0.545308444151769,0.545308444151769,,
2019-04-23,0.544526761573945,0.544526761573945,,
2019-04-24,0.526446851602283,0.526446851602283,,
2019-04-25,0.471594694312354,0.471594694312354,,
2019-04-26,0.432961315914284,0.432961315914284,,
2019-04-27,0.418822665785054,0.418822665785054,,
2019-04-28,0.432507392532489,0.432507392532489,,
2019-04-29,0.429554287236516,0.429554287236516,,
2019-04-30,0.397611811432962,0.397611811432962,,
2019-05-01,0.417586334284978,0.417586334284978,,
2019-05-02,0.418151689326695,0.418151689326695,,
2019-05-03,0.421430415327032,0.421430415327032,,
2019-05-04,0.4222566505633,0.4222566505633,,
2019-05-05,0.413188858772159,0.413188858772159,,
2019-05-06,0.40819813379002,0.40819813379002,,
2019-05-07,0.412992304805558,0.412992304805558,,
2019-05-08,0.399670553661526,0.399670553661526,,
2019-05-09,0.384508661225695,0.384508661225695,,
2019-05-10,0.348401786240944,0.348401786240944,,
2019-05-11,0.373921263947288,0.373921263947288,,
2019-05-12,0.396892148181333,0.396892148181333,,
2019-05-13,0.363361895856732,0.363361895856732,,
2019-05-14,0.3651297440057,0.3651297440057,,
2019-05-15,0.402618917686473,0.402618917686473,,
2019-05-16,0.440986147681866,0.440986147681866,,
2019-05-17,0.414094213086417,0.414094213086417,,
2019-05-18,0.384789460751954,0.384789460751954,,
2019-05-19,0.392579086630424,0.392579086630424,,
2019-05-20,0.411826602840951,0.411826602840951,,
2019-05-21,0.428800508704283,0.428800508704283,,
2019-05-22,0.435676223299452,0.435676223299452,,
2019-05-23,0.428473006015378,0.428473006015378,,
2019-05-24,0.44377358531859,0.44377358531859,,
2019-05-25,0.446287732120305,0.446287732120305,,
2019-05-26,0.472799147723547,0.472799147723547,,
2019-05-27,0.468993366119905,0.468993366119905,,
2019-05-28,0.48317602763228,0.48317602763228,,
2019-05-29,0.477437658490302,0.477437658490302,,
2019-05-30,0.498006386074409,0.498006386074409,,
2019-05-31,0.447171145007685,0.447171145007685,,
2019-06-01,0.458283697035298,0.458283697035298,,
2019-06-02,0.441216942963713,0.441216942963713,,
2019-06-03,0.451671143209115,0.451671143209115,,
2019-06-04,0.419810974154532,0.419810974154532,,
2019-06-05,0.38513705857759,0.38513705857759,,
2019-06-06,0.39171288489759,0.39171288489759,,
2019-06-07,0.409297776226566,0.409297776226566,,
2019-06-08,0.423151576103438,0.423151576103438,,
2019-06-09,0.440709029139198,0.440709029139198,,
2019-06-10,0.413227544100864,0.413227544100864,,
2019-06-11,0.434234082132679,0.434234082132679,,
2019-06-12,0.450828338119769,0.450828338119769,,
2019-06-13,0.444915447374817,0.444915447374817,,
2019-06-14,0.435545461894017,0.435545461894017,,
2019-06-15,0.423473324617039,0.423473324617039,,
2019-06-16,0.428852959856226,0.428852959856226,,
2019-06-17,0.430212138737037,0.430212138737037,,
2019-06-18,0.432923697689856,0.432923697689856,,
2019-06-19,0.425589335189435,0.425589335189435,,
2019-06-20,0.449756744350595,0.449756744350595,,
2019-06-21,0.438946034161282,0.438946034161282,,
2019-06-22,0.427808063419799,0.427808063419799,,
2019-06-23,0.439215906789161,0.439215906789161,,
2019-06-24,0.435609387771357,0.435609387771357,,
2019-06-25,0.432117364499065,0.432117364499065,,
2019-06-26,0.444840806987694,0.444840806987694,,
2019-06-27,0.418632994184261,0.418632994184261,,
2019-06-28,0.366716375772807,0.366716375772807,,
2019-06-29,0.384548169729708,0.384548169729708,,
2019-06-30,0.392177264475116,0.392177264475116,,
2019-07-01,0.378814501176153,0.378814501176153,,
2019-07-02,0.376207002769775,0.376207002769775,,
2019-07-03,0.361418587288694,0.361418587288694,,
2019-07-04,0.366609740523538,0.366609740523538,,
2019-07-05,0.350946090391164,0.350946090391164,,
2019-07-06,0.351978783795558,0.351978783795558,,
2019-07-07,0.355967840755862,0.355967840755862,,
2019-07-08,0.364158585342192,0.364158585342192,,
2019-07-09,0.357011481756716,0.357011481756716,,
2019-07-10,0.342882587276689,0.342882587276689,,
2019-07-11,0.315018066920176,0.315018066920176,,
2019-07-12,0.274396070002388,0.274396070002388,,
2019-07-13,0.314811710228709,0.314811710228709,,
2019-07-14,0.287628958832157,0.287628958832157,,
2019-07-15,0.250910681250555,0.250910681250555,,
2019-07-16,0.247996451924854,0.247996451924854,,
2019-07-17,0.212409116509536,0.212409116509536,,
2019-07-18,0.224921726733077,0.224921726733077,,
2019-07-19,0.239893233936504,0.239893233936504,,
2019-07-20,0.24746292407096,0.24746292407096,,
2019-07-21,0.254540642398564,0.254540642398564,,
2019-07-22,0.243237054143899,0.243237054143899,,
2019-07-23,0.249777194873919,0.249777194873919,,
2019-07-24,0.250613061850331,0.250613061850331,,
2019-07-25,0.244708098712098,0.244708098712098,,
2019-07-26,0.244607594718667,0.244607594718667,,
2019-07-27,0.246616555916366,0.246616555916366,,
2019-07-28,0.231577584830181,0.231577584830181,,
2019-07-29,0.231289505652909,0.231289505652909,,
2019-07-30,0.240105038998043,0.240105038998043,,
2019-07-31,0.242640443088283,0.242640443088283,,
2019-08-01,0.24496815333407,0.24496815333407,,
2019-08-02,0.235000152339609,0.235000152339609,,
2019-08-03,0.23350036856625,0.23350036856625,,
2019-08-04,0.246713181409405,0.246713181409405,,
2019-08-05,0.240401272658364,0.240401272658364,,
2019-08-06,0.237122932178873,0.237122932178873,,
2019-08-07,0.22137568133685,0.22137568133685,,
2019-08-08,0.224224951960396,0.224224951960396,,
2019-08-09,0.215542160554082,0.215542160554082,,
2019-08-10,0.206133931431251,0.206133931431251,,
2019-08-11,0.206462995464273,0.206462995464273,,
2019-08-12,0.212372863521159,0.212372863521159,,
2019-08-13,0.207579142850226,0.207579142850226,,
2019-08-14,0.20166126256853,0.20166126256853,,
2019-08-15,0.182049230776851,0.182049230776851,,
2019-08-16,0.181370324495822,0.181370324495822,,
2019-08-17,0.175577124713079,0.175577124713079,,
2019-08-18,0.176894295155832,0.176894295155832,,
2019-08-19,0.180992055877079,0.180992055877079,,
2019-08-20,0.188557374261273,0.188557374261273,,
2019-08-21,0.182413775464367,0.182413775464367,,
2019-08-22,0.172693322101516,0.172693322101516,,
2019-08-23,0.177920269565714,0.177920269565714,,
2019-08-24,0.181053912337187,0.181053912337187,,
2019-08-25,0.192537507935159,0.192537507935159,,
2019-08-26,0.195771065493216,0.195771065493216,,
2019-08-27,0.191884673658775,0.191884673658775,,
2019-08-28,0.184631988099869,0.184631988099869,,
2019-08-29,0.172595463460956,0.172595463460956,,
2019-08-30,0.168637350355858,0.168637350355858,,
2019-08-31,0.170912298770184,0.170912298770184,,
2019-09-01,0.171755615928141,0.171755615928141,,
2019-09-02,0.182078048315315,0.182078048315315,,
2019-09-03,0.17966427261387,0.17966427261387,,
2019-09-04,0.179826793337987,0.179826793337987,,
2019-09-05,0.172835253537693,0.172835253537693,,
2019-09-06,0.173344385720298,0.173344385720298,,
2019-09-07,0.174437985679613,0.174437985679613,,
2019-09-08,0.176692014692863,0.176692014692863,,
2019-09-09,0.178475803335559,0.178475803335559,,
2019-09-10,0.174771396121074,0.174771396121074,,
2019-09-11,0.174118514552137,0.174118514552137,,
2019-09-12,0.171579632729599,0.171579632729599,,
2019-09-13,0.173816571864111,0.173816571864111,,
2019-09-14,0.174591183593807,0.174591183593807,,
2019-09-15,0.175093601503377,0.175093601503377,,
2019-09-16,0.175115905539844,0.175115905539844,,
2019-09-17,0.175107891755522,0.175107891755522,,
2019-09-18,0.177022928881733,0.177022928881733,,
2019-09-19,0.182727674926545,0.182727674926545,,
2019-09-20,0.190586852475408,0.190586852475408,,
2019-09-21,0.18615965255676,0.18615965255676,,
2019-09-22,0.181853926049707,0.181853926049707,,
2019-09-23,0.1766716497287,0.1766716497287,,
2019-09-24,0.168891854681821,0.168891854681821,,
2019-09-25,0.129139376889358,0.129139376889358,,
2019-09-26,0.130509991615292,0.130509991615292,,
2019-09-27,0.123079854538826,0.123079854538826,,
2019-09-28,0.129621624762876,0.129621624762876,,
2019-09-29,0.129601373480631,0.129601373480631,,
2019-09-30,0.124917616050339,0.124917616050339,,
2019-10-01,0.131106839090247,0.131106839090247,,
2019-10-02,0.131069096256924,0.131069096256924,,
2019-10-03,0.140616920671431,0.140616920671431,,
2019-10-04,0.135892226868542,0.135892226868542,,
2019-10-05,0.133716957332927,0.133716957332927,,
2019-10-06,0.143666644013441,0.143666644013441,,
2019-10-07,0.144784858181681,0.144784858181681,,
2019-10-08,0.15440978674581,0.15440978674581,,
2019-10-09,0.156387251730354,0.156387251730354,,
2019-10-10,0.153736729466877,0.153736729466877,,
2019-10-11,0.159953330054697,0.159953330054697,,
2019-10-12,0.167479511541067,0.167479511541067,,
2019-10-13,0.156501102108932,0.156501102108932,,
2019-10-14,0.148587725833446,0.148587725833446,,
2019-10-15,0.148262494245226,0.148262494245226,,
2019-10-16,0.138754092788245,0.138754092788245,,
2019-10-17,0.135141692408509,0.135141692408509,,
2019-10-18,0.137277984972198,0.137277984972198,,
2019-10-19,0.133720596668829,0.133720596668829,,
2019-10-20,0.134627172837281,0.134627172837281,,
2019-10-21,0.133642749100183,0.133642749100183,,
2019-10-22,0.133523718514688,0.133523718514688,,
2019-10-23,0.13143737257374,0.13143737257374,,
2019-10-24,0.122266124473823,0.122266124473823,,
2019-10-25,0.12814385364293,0.12814385364293,,
2019-10-26,0.134815985913938,0.134815985913938,,
2019-10-27,0.140681690625039,0.140681690625039,,
2019-10-28,0.170348479036106,0.170348479036106,,
2019-10-29,0.1596869616486,0.1596869616486,,
2019-10-30,0.166911103240681,0.166911103240681,,
2019-10-31,0.161496113417698,0.161496113417698,,
2019-11-01,0.158227987488427,0.158227987488427,,
2019-11-02,0.156081189272391,0.156081189272391,,
2019-11-03,0.159134570035046,0.159134570035046,,
2019-11-04,0.158046735343391,0.158046735343391,,
2019-11-05,0.157253019644987,0.157253019644987,,
2019-11-06,0.15474690634117,0.15474690634117,,
2019-11-07,0.153526456769048,0.153526456769048,,
2019-11-08,0.14886470492816,0.14886470492816,,
2019-11-09,0.14120006007731,0.14120006007731,,
2019-11-10,0.147021963076836,0.147021963076836,,
2019-11-11,0.151019825742287,0.151019825742287,,
2019-11-12,0.145196301119984,0.145196301119984,,
2019-11-13,0.147227433569043,0.147227433569043,,
2019-11-14,0.149725188880041,0.149725188880041,,
2019-11-15,0.145137226693414,0.145137226693414,,
2019-11-16,0.145373620449428,0.145373620449428,,
2019-11-17,0.144149695028036,0.144149695028036,,
2019-11-18,0.144177055858601,0.144177055858601,,
2019-11-19,0.136267554210533,0.136267554210533,,
2019-11-20,0.131156223857616,0.131156223857616,,
2019-11-21,0.133313305832474,0.133313305832474,,
2019-11-22,0.123235089069175,0.123235089069175,,
2019-11-23,0.1127327598438,0.1127327598438,,
2019-11-24,0.116400812554701,0.116400812554701,,
2019-11-25,0.10699496366569,0.10699496366569,,
2019-11-26,0.106467101900503,0.106467101900503,,
2019-11-27,0.10940176087841,0.10940176087841,,
2019-11-28,0.122612148158418,0.122612148158418,,
2019-11-29,0.11672345221795,0.11672345221795,,
2019-11-30,0.119367335158377,0.119367335158377,,
2019-12-01,0.114465939037715,0.114465939037715,,
2019-12-02,0.11457529391809,0.11457529391809,,
2019-12-03,0.112350943418143,0.112350943418143,,
2019-12-04,0.116026174022499,0.116026174022499,,
2019-12-05,0.110172938981102,0.110172938981102,,
2019-12-06,0.107731881852559,0.107731881852559,,
2019-12-07,0.110951742154469,0.110951742154469,,
2019-12-08,0.110496853945786,0.110496853945786,,
2019-12-09,0.118411480692719,0.118411480692719,,
2019-12-10,0.110802831315643,0.110802831315643,,
2019-12-11,0.101218826495971,0.101218826495971,,
2019-12-12,0.102963880964629,0.102963880964629,,
2019-12-13,0.101039652817556,0.101039652817556,,
2019-12-14,0.104543922571488,0.104543922571488,,
2019-12-15,0.100770343011104,0.100770343011104,,
2019-12-16,0.102191961643811,0.102191961643811,,
2019-12-17,0.0954696942930971,0.0954696942930971,,
2019-12-18,0.0894996466643277,0.0894996466643277,,
2019-12-19,0.10775275601178,0.10775275601178,,
2019-12-20,0.110131402109329,0.110131402109329,,
2019-12-21,0.107788002284591,0.107788002284591,,
2019-12-22,0.102934582035508,0.102934582035508,,
2019-12-23,0.104078533551881,0.104078533551881,,
2019-12-24,0.101456778832377,0.101456778832377,,
2019-12-25,0.103697555653525,0.103697555653525,,
2019-12-26,0.100865880157419,0.100865880157419,,
2019-12-27,0.101271883796076,0.101271883796076,,
2019-12-28,0.0994535559132786,0.0994535559132786,,
2019-12-29,0.0995486379222218,0.0995486379222218,,
2019-12-30,0.100788553653848,0.100788553653848,,
2019-12-31,0.0989427244642143,0.0989427244642143,,
2020-01-01,0.0950924943999616,0.0950924943999616,,
2020-01-02,0.0955064924224489,0.0955064924224489,,
2020-01-03,0.0940948303475675,0.0940948303475675,,
2020-01-04,0.0989784443926181,0.0989784443926181,,
2020-01-05,0.0984583901224718,0.0984583901224718,,
2020-01-06,0.0998961778787786,0.0998961778787786,,
2020-01-07,0.102691532414647,0.102691532414647,,
2020-01-08,0.100682633853667,0.100682633853667,,
2020-01-09,0.100876631301408,0.100876631301408,,
2020-01-10,0.0987826359959686,0.0987826359959686,,
2020-01-11,0.099292761421929,0.099292761421929,,
2020-01-12,0.104105560017841,0.104105560017841,,
2020-01-13,0.104126181028563,0.104126181028563,,
2020-01-14,0.102060117939329,0.102060117939329,,
2020-01-15,0.112378393262846,0.112378393262846,,
2020-01-16,0.11471462193567,0.11471462193567,,
2020-01-17,0.111297326235136,0.111297326235136,,
2020-01-18,0.113528360781804,0.113528360781804,,
2020-01-19,0.112120365282624,0.112120365282624,,
2020-01-20,0.106493403604037,0.106493403604037,,
2020-01-21,0.103917770033131,0.103917770033131,,
2020-01-22,0.105305601167416,0.105305601167416,,
2020-01-23,0.106823279055164,0.106823279055164,,
2020-01-24,0.108076584821251,0.108076584821251,,
2020-01-25,0.103674342681612,0.103674342681612,,
2020-01-26,0.103899822485855,0.103899822485855,,
2020-01-27,0.105031955796902,0.105031955796902,,
2020-01-28,0.105198052344801,0.105198052344801,,
2020-01-29,0.107873760322316,0.107873760322316,,
2020-01-30,0.116148008789007,0.116148008789007,,
2020-01-31,0.123918123926371,0.123918123926371,,
2020-02-01,0.141895564533318,0.141895564533318,,
2020-02-02,0.139243191607349,0.139243191607349,,
2020-02-03,0.1415966116165,0.1415966116165,,
2020-02-04,0.144053428680428,0.144053428680428,,
2020-02-05,0.151452859128231,0.151452859128231,,
2020-02-06,0.157013161691786,0.157013161691786,,
2020-02-07,0.16006619532829,0.16006619532829,,
2020-02-08,0.160582117253926,0.160582117253926,,
2020-02-09,0.157203876276389,0.157203876276389,,
2020-02-10,0.161001566610155,0.161001566610155,,
2020-02-11,0.156547807821722,0.156547807821722,,
2020-02-12,0.161099126933882,0.161099126933882,,
2020-02-13,0.182006813210969,0.182006813210969,,
2020-02-14,0.194272616608318,0.194272616608318,,
2020-02-15,0.211635262794706,0.211635262794706,,
2020-02-16,0.215607384454212,0.215607384454212,,
2020-02-17,0.190807053999556,0.190807053999556,,
2020-02-18,0.178233093565881,0.178233093565881,,
2020-02-19,0.182642187724537,0.182642187724537,,
2020-02-20,0.168586999228482,0.168586999228482,,
2020-02-21,0.162245203603937,0.162245203603937,,
2020-02-22,0.169311806861979,0.169311806861979,,
2020-02-23,0.159945579650403,0.159945579650403,,
2020-02-24,0.167368077963873,0.167368077963873,,
2020-02-25,0.156263229452584,0.156263229452584,,
2020-02-26,0.141334218581823,0.141334218581823,,
2020-02-27,0.122182210982803,0.122182210982803,,
2020-02-28,0.129057372281035,0.129057372281035,,
2020-02-29,0.130364034602264,0.130364034602264,,
2020-03-01,0.125959399517949,0.125959399517949,,
2020-03-02,0.126674232272011,0.126674232272011,,
2020-03-03,0.135777633180542,0.135777633180542,,
2020-03-04,0.131836417978985,0.131836417978985,,
2020-03-05,0.130830314907628,0.130830314907628,,
2020-03-06,0.135033065504453,0.135033065504453,,
2020-03-07,0.135170292683218,0.135170292683218,,
2020-03-08,0.128488645293823,0.128488645293823,,
2020-03-09,0.112767768662763,0.112767768662763,,
2020-03-10,0.113739737724276,0.113739737724276,,
2020-03-11,0.114984619772818,0.114984619772818,,
2020-03-12,0.109607128978194,0.109607128978194,,
2020-03-13,0.0602097821617381,0.0602097821617381,,
2020-03-14,0.0627951138975612,0.0627951138975612,,
2020-03-15,0.063799633884523,0.063799633884523,,
2020-03-16,0.0799178762752315,0.0799178762752315,,
2020-03-17,0.0637231347068899,0.0637231347068899,,
2020-03-18,0.0679454473633445,0.0679454473633445,,
2020-03-19,0.0666132492196364,0.0666132492196364,,
2020-03-20,0.0782381707399472,0.0782381707399472,,
2020-03-21,0.0822542511791806,0.0822542511791806,,
2020-03-22,0.0818040434545393,0.0818040434545393,,
2020-03-23,0.0729207440720889,0.0729207440720889,,
2020-03-24,0.0796075588708123,0.0796075588708123,,
2020-03-25,0.0820985367789332,0.0820985367789332,,
2020-03-26,0.0824345156570403,0.0824345156570403,,
2020-03-27,0.082746742097897,0.082746742097897,,
2020-03-28,0.0805906832818286,0.0805906832818286,,
2020-03-29,0.0786337935736814,0.0786337935736814,,
2020-03-30,0.078762553768753,0.078762553768753,,
2020-03-31,0.0833543247520101,0.0833543247520101,,
2020-04-01,0.083451240163141,0.083451240163141,,
2020-04-02,0.0832123789593246,0.0832123789593246,,
2020-04-03,0.0839232741227229,0.0839232741227229,,
2020-04-04,0.0849656260177664,0.0849656260177664,,
2020-04-05,0.0852901210444223,0.0852901210444223,,
2020-04-06,0.0842072177081661,0.0842072177081661,,
2020-04-07,0.088619714763834,0.088619714763834,,
2020-04-08,0.0875811047543967,0.0875811047543967,,
2020-04-09,0.0907530877130958,0.0907530877130958,,
2020-04-10,0.0907222468240591,0.0907222468240591,,
2020-04-11,0.0819284378388724,0.0819284378388724,,
2020-04-12,0.0831488413258329,0.0831488413258329,,
2020-04-13,0.085693034798843,0.085693034798843,,
2020-04-14,0.0836863329295638,0.0836863329295638,,
2020-04-15,0.0845662739242198,0.0845662739242198,,
2020-04-16,0.0810541461080775,0.0810541461080775,,
2020-04-17,0.0848887400444826,0.0848887400444826,,
2020-04-18,0.0850425401723346,0.0850425401723346,,
2020-04-19,0.0865866842070229,0.0865866842070229,,
2020-04-20,0.0856091426692231,0.0856091426692231,,
2020-04-21,0.0850791196669844,0.0850791196669844,,
2020-04-22,0.0829315714164739,0.0829315714164739,,
2020-04-23,0.0853004082798671,0.0853004082798671,,
2020-04-24,0.0861565818729987,0.0861565818729987,,
2020-04-25,0.0881633346901004,0.0881633346901004,,
2020-04-26,0.0889583245897778,0.0889583245897778,,
2020-04-27,0.0935412244725231,0.0935412244725231,,
2020-04-28,0.0915715078480467,0.0915715078480467,,
2020-04-29,0.0923616196624509,0.0923616196624509,,
2020-04-30,0.0948613615466787,0.0948613615466787,,
2020-05-01,0.0923491799976502,0.0923491799976502,,
2020-05-02,0.0966970105889695,0.0966970105889695,,
2020-05-03,0.0985914196646898,0.0985914196646898,,
2020-05-04,0.0945130025602414,0.0945130025602414,,
2020-05-05,0.0939626617853726,0.0939626617853726,,
2020-05-06,0.0930418981033856,0.0930418981033856,,
2020-05-07,0.0911793584465454,0.0911793584465454,,
2020-05-08,0.0921135503217641,0.0921135503217641,,
2020-05-09,0.0962649461166559,0.0962649461166559,,
2020-05-10,0.0924464534191067,0.0924464534191067,,
2020-05-11,0.0980145005664767,0.0980145005664767,,
2020-05-12,0.0906118571018126,0.0906118571018126,,
2020-05-13,0.0917846009984923,0.0917846009984923,,
2020-05-14,0.0917167427590539,0.0917167427590539,,
2020-05-15,0.0918467225437613,0.0918467225437613,,
2020-05-16,0.0901764331706629,0.0901764331706629,,
2020-05-17,0.0916237809278309,0.0916237809278309,,
2020-05-18,0.0921151745480262,0.0921151745480262,,
2020-05-19,0.0952224792056101,0.0952224792056101,,
2020-05-20,0.0952989102895662,0.0952989102895662,,
2020-05-21,0.101609767444451,0.101609767444451,,
2020-05-22,0.0984412119099135,0.0984412119099135,,
2020-05-23,0.108066502515962,0.108066502515962,,
2020-05-24,0.10361105833363,0.10361105833363,,
2020-05-25,0.100509555900622,0.100509555900622,,
2020-05-26,0.115389118222194,0.115389118222194,,
2020-05-27,0.146861741097309,0.146861741097309,,
2020-05-28,0.125211217566838,0.125211217566838,,
2020-05-29,0.121098936209905,0.121098936209905,,
2020-05-30,0.121523988395636,0.121523988395636,,
2020-05-31,0.120865683769242,0.120865683769242,,
2020-06-01,0.11611757377807,0.11611757377807,,
2020-06-02,0.122582307407497,0.122582307407497,,
2020-06-03,0.130925741668306,0.130925741668306,,
2020-06-04,0.126823897819244,0.126823897819244,,
2020-06-05,0.126569864048263,0.126569864048263,,
2020-06-06,0.124451879285401,0.124451879285401,,
2020-06-07,0.127639662886919,0.127639662886919,,
2020-06-08,0.125851855667859,0.125851855667859,,
2020-06-09,0.128075273287599,0.128075273287599,,
2020-06-10,0.135844232902253,0.135844232902253,,
2020-06-11,0.13190534931656,0.13190534931656,,
2020-06-12,0.11228791951137,0.11228791951137,,
2020-06-13,0.126055358556497,0.126055358556497,,
2020-06-14,0.127440101931048,0.127440101931048,,
2020-06-15,0.1230028886346,0.1230028886346,,
2020-06-16,0.120905089770246,0.120905089770246,,
2020-06-17,0.121294868339226,0.121294868339226,,
2020-06-18,0.134614979403421,0.134614979403421,,
2020-06-19,0.140629611057903,0.140629611057903,,
2020-06-20,0.133345921928958,0.133345921928958,,
2020-06-21,0.134495820265734,0.134495820265734,,
2020-06-22,0.149698740857468,0.149698740857468,,
2020-06-23,0.16898534991458,0.16898534991458,,
2020-06-24,0.170829048873835,0.170829048873835,,
2020-06-25,0.172221587562209,0.172221587562209,,
2020-06-26,0.203237934067284,0.203237934067284,,
2020-06-27,0.256268258497283,0.256268258497283,,
2020-06-28,0.232978990586344,0.232978990586344,,
2020-06-29,0.254741080085586,0.254741080085586,,
2020-06-30,0.290169336628134,0.290169336628134,,
2020-07-01,0.245648330964286,0.245648330964286,,
2020-07-02,0.240533209351945,0.240533209351945,,
2020-07-03,0.206633652260484,0.206633652260484,,
2020-07-04,0.196114291462442,0.196114291462442,,
2020-07-05,0.211776849134428,0.211776849134428,,
2020-07-06,0.208245002417232,0.208245002417232,,
2020-07-07,0.205486268476596,0.205486268476596,,
2020-07-08,0.205525091679224,0.205525091679224,,
2020-07-09,0.204768719057011,0.204768719057011,,
2020-07-10,0.193204184361712,0.193204184361712,,
2020-07-11,0.185470591084037,0.185470591084037,,
2020-07-12,0.195881036918272,0.195881036918272,,
2020-07-13,0.189586492291925,0.189586492291925,,
2020-07-14,0.185709619450685,0.185709619450685,,
2020-07-15,0.203322161458808,0.203322161458808,,
2020-07-16,0.191686834232287,0.191686834232287,,
2020-07-17,0.180484336370014,0.180484336370014,,
2020-07-18,0.187223601500853,0.187223601500853,,
2020-07-19,0.187000141749285,0.187000141749285,,
2020-07-20,0.185895775870447,0.185895775870447,,
2020-07-21,0.187311810948534,0.187311810948534,,
2020-07-22,0.185739709734979,0.185739709734979,,
2020-07-23,0.18893113030369,0.18893113030369,,
2020-07-24,0.186707353653456,0.186707353653456,,
2020-07-25,0.181317880283559,0.181317880283559,,
2020-07-26,0.183379175848287,0.183379175848287,,
2020-07-27,0.17909499522641,0.17909499522641,,
2020-07-28,0.166265810043261,0.166265810043261,,
2020-07-29,0.171379552879258,0.171379552879258,,
2020-07-30,0.174791086971611,0.174791086971611,,
2020-07-31,0.174793230479149,0.174793230479149,,
2020-08-01,0.172830998151682,0.172830998151682,,
2020-08-02,0.175650159730754,0.175650159730754,,
2020-08-03,0.169391171821956,0.169391171821956,,
2020-08-04,0.169446489252832,0.169446489252832,,
2020-08-05,0.169043637077352,0.169043637077352,,
2020-08-06,0.171273624693774,0.171273624693774,,
2020-08-07,0.175592004319532,0.175592004319532,,
2020-08-08,0.176060585252096,0.176060585252096,,
2020-08-09,0.186056252834429,0.186056252834429,,
2020-08-10,0.192478617161012,0.192478617161012,,
2020-08-11,0.197559864616357,0.197559864616357,,
2020-08-12,0.183565159753417,0.183565159753417,,
2020-08-13,0.185480051605921,0.185480051605921,,
2020-08-14,0.185520703890111,0.185520703890111,,
2020-08-15,0.185807305310103,0.185807305310103,,
2020-08-16,0.183185840155911,0.183185840155911,,
2020-08-17,0.196467928484912,0.196467928484912,,
2020-08-18,0.195861377449277,0.195861377449277,,
2020-08-19,0.193275136785721,0.193275136785721,,
2020-08-20,0.186543702384019,0.186543702384019,,
2020-08-21,0.206478134722449,0.206478134722449,,
2020-08-22,0.190442932910256,0.190442932910256,,
2020-08-23,0.198579108238618,0.198579108238618,,
2020-08-24,0.198215780663682,0.198215780663682,,
2020-08-25,0.198875135532714,0.198875135532714,,
2020-08-26,0.190202893923682,0.190202893923682,,
2020-08-27,0.190130293001119,0.190130293001119,,
2020-08-28,0.182201831251251,0.182201831251251,,
2020-08-29,0.186006596932561,0.186006596932561,,
2020-08-30,0.189409065763529,0.189409065763529,,
2020-08-31,0.196528927527978,0.196528927527978,,
2020-09-01,0.191562416549833,0.191562416549833,,
2020-09-02,0.19410438047854,0.19410438047854,,
2020-09-03,0.177461600318854,0.177461600318854,,
2020-09-04,0.138374974673361,0.138374974673361,,
2020-09-05,0.1479850921807,0.1479850921807,,
2020-09-06,0.137488131947092,0.137488131947092,,
2020-09-07,0.139342309658531,0.139342309658531,,
2020-09-08,0.135737075393989,0.135737075393989,,
2020-09-09,0.155289336335391,0.155289336335391,,
2020-09-10,0.162159046945824,0.162159046945824,,
2020-09-11,0.162783088034442,0.162783088034442,,
2020-09-12,0.165542071591026,0.165542071591026,,
2020-09-13,0.158811140871277,0.158811140871277,,
2020-09-14,0.148269773016276,0.148269773016276,,
2020-09-15,0.154417534697849,0.154417534697849,,
2020-09-16,0.145241323229833,0.145241323229833,,
2020-09-17,0.142702703039629,0.142702703039629,,
2020-09-18,0.14579410917401,0.14579410917401,,
2020-09-19,0.140104384028839,0.140104384028839,,
2020-09-20,0.139190995055324,0.139190995055324,,
2020-09-21,0.133089704169961,0.133089704169961,,
2020-09-22,0.120792896836245,0.120792896836245,,
2020-09-23,0.122337250894078,0.122337250894078,,
2020-09-24,0.112237800957093,0.112237800957093,,
2020-09-25,0.119478597349028,0.119478597349028,,
2020-09-26,0.120896438201198,0.120896438201198,,
2020-09-27,0.123222904525588,0.123222904525588,,
2020-09-28,0.120358200191628,0.120358200191628,,
2020-09-29,0.121525792445442,0.121525792445442,,
2020-09-30,0.129170758487274,0.129170758487274,,
2020-10-01,0.13525517447992,0.13525517447992,,
2020-10-02,0.141867347149876,0.141867347149876,,
2020-10-03,0.129524901205877,0.129524901205877,,
2020-10-04,0.126508084496602,0.126508084496602,,
2020-10-05,0.12338420854759,0.12338420854759,,
2020-10-06,0.120814440862285,0.120814440862285,,
2020-10-07,0.112610361895692,0.112610361895692,,
2020-10-08,0.117542220270365,0.117542220270365,,
2020-10-09,0.121383132254203,0.121383132254203,,
2020-10-10,0.127441264097014,0.127441264097014,,
2020-10-11,0.126847837940968,0.126847837940968,,
2020-10-12,0.127006660117366,0.127006660117366,,
2020-10-13,0.126194871156826,0.126194871156826,,
2020-10-14,0.123568117255249,0.123568117255249,,
2020-10-15,0.120828563032274,0.120828563032274,,
2020-10-16,0.122418624210428,0.122418624210428,,
2020-10-17,0.119917105722867,0.119917105722867,,
2020-10-18,0.122004884512569,0.122004884512569,,
2020-10-19,0.122467107963403,0.122467107963403,,
2020-10-20,0.121107051241958,0.121107051241958,,
2020-10-21,0.114848670864698,0.114848670864698,,
2020-10-22,0.119393236119346,0.119393236119346,,
2020-10-23,0.1209201119229,0.1209201119229,,
2020-10-24,0.122621170399982,0.122621170399982,,
2020-10-25,0.125173775892886,0.125173775892886,,
2020-10-26,0.125808556971306,0.125808556971306,,
2020-10-27,0.119035974144931,0.119035974144931,,
2020-10-28,0.118316972360562,0.118316972360562,,
2020-10-29,0.113242480143843,0.113242480143843,,
2020-10-30,0.107959526820935,0.107959526820935,,
2020-10-31,0.104255486329645,0.104255486329645,,
2020-11-01,0.106125681896909,0.106125681896909,,
2020-11-02,0.106848847167027,0.106848847167027,,
2020-11-03,0.101873330756132,0.101873330756132,,
2020-11-04,0.101944148676321,0.101944148676321,,
2020-11-05,0.103378641985394,0.103378641985394,,
2020-11-06,0.106893388790352,0.106893388790352,,
2020-11-07,0.113839816535298,0.113839816535298,,
2020-11-08,0.110180926697032,0.110180926697032,,
2020-11-09,0.11881072137633,0.11881072137633,,
2020-11-10,0.11724747098251,0.11724747098251,,
2020-11-11,0.120149893888377,0.120149893888377,,
2020-11-12,0.120058928924205,0.120058928924205,,
2020-11-13,0.115747817671909,0.115747817671909,,
2020-11-14,0.118235065980496,0.118235065980496,,
2020-11-15,0.115507058335395,0.115507058335395,,
2020-11-16,0.115822059081544,0.115822059081544,,
2020-11-17,0.117445634369603,0.117445634369603,,
2020-11-18,0.1177290088975,0.1177290088975,,
2020-11-19,0.123652177810539,0.123652177810539,,
2020-11-20,0.12069321609119,0.12069321609119,,
2020-11-21,0.121981002319161,0.121981002319161,,
2020-11-22,0.128339305818403,0.128339305818403,,
2020-11-23,0.123233380127786,0.123233380127786,,
2020-11-24,0.127699650186371,0.127699650186371,,
2020-11-25,0.135513399411413,0.135513399411413,,
2020-11-26,0.318674874307911,0.318674874307911,,
2020-11-27,0.23131320814867,0.23131320814867,,
2020-11-28,0.217296995969684,0.217296995969684,,
2020-11-29,0.290055877341228,0.290055877341228,,
2020-11-30,0.277283745336614,0.277283745336614,,
2020-12-01,0.268313107049302,0.268313107049302,,
2020-12-02,0.25322109202129,0.25322109202129,,
2020-12-03,0.273477112080618,0.273477112080618,,
2020-12-04,0.260060497424668,0.260060497424668,,
2020-12-05,0.218999914115728,0.218999914115728,,
2020-12-06,0.239410690591823,0.239410690591823,,
2020-12-07,0.235341234039526,0.235341234039526,,
2020-12-08,0.230212412002731,0.230212412002731,,
2020-12-09,0.208199816176948,0.208199816176948,,
2020-12-10,0.204657267930376,0.204657267930376,,
2020-12-11,0.193118864701662,0.193118864701662,,
2020-12-12,0.180759729735235,0.180759729735235,,
2020-12-13,0.195953841916016,0.195953841916016,,
2020-12-14,0.210933983705845,0.210933983705845,,
2020-12-15,0.215749637119026,0.215749637119026,,
2020-12-16,0.207919179026457,0.207919179026457,,
2020-12-17,0.207956356087906,0.207956356087906,,
2020-12-18,0.199835423172861,0.199835423172861,,
2020-12-19,0.21072065601964,0.21072065601964,,
2020-12-20,0.221633455571393,0.221633455571393,,
2020-12-21,0.20991089251463,0.20991089251463,,
2020-12-22,0.206105104232835,0.206105104232835,,
2020-12-23,0.196540726897469,0.196540726897469,,
2020-12-24,0.164514732643886,0.164514732643886,,
2020-12-25,0.181313081614949,0.181313081614949,,
2020-12-26,0.185272315853066,0.185272315853066,,
2020-12-27,0.200691159424198,0.200691159424198,,
2020-12-28,0.195418415135681,0.195418415135681,,
2020-12-29,0.192219776976629,0.192219776976629,,
2020-12-30,0.187389624690482,0.187389624690482,,
2020-12-31,0.187727455435635,0.187727455435635,,
2021-01-01,0.18559123108382,0.18559123108382,,
2021-01-02,0.193739488400966,0.193739488400966,,
2021-01-03,0.204872878469757,0.204872878469757,,
2021-01-04,0.203738032765078,0.203738032765078,,
2021-01-05,0.190165610873667,0.190165610873667,,
2021-01-06,0.197924867091586,0.197924867091586,,
2021-01-07,0.209623363490115,0.209623363490115,,
2021-01-08,0.22448913551293,0.22448913551293,,
2021-01-09,0.218501928354234,0.218501928354234,,
2021-01-10,0.232606103455586,0.232606103455586,,
2021-01-11,0.22996289119072,0.22996289119072,,
2021-01-12,0.236719596979901,0.236719596979901,,
2021-01-13,0.216900229829224,0.216900229829224,,
2021-01-14,0.225992271781481,0.225992271781481,,
2021-01-15,0.226851175434342,0.226851175434342,,
2021-01-16,0.224341748909184,0.224341748909184,,
2021-01-17,0.229153410981965,0.229153410981965,,
2021-01-18,0.231867247165091,0.231867247165091,,
2021-01-19,0.241975903095615,0.241975903095615,,
2021-01-20,0.241137455508471,0.241137455508471,,
2021-01-21,0.231015037451889,0.231015037451889,,
2021-01-22,0.202475251611536,0.202475251611536,,
2021-01-23,0.209291126866522,0.209291126866522,,
2021-01-24,0.217579101344174,0.217579101344174,,
2021-01-25,0.223701228468333,0.223701228468333,,
2021-01-26,0.216611081041502,0.216611081041502,,
2021-01-27,0.216876692010882,0.216876692010882,,
2021-01-28,0.195575433555359,0.195575433555359,,
2021-01-29,0.211164298517555,0.211164298517555,,
2021-01-30,0.211346828185742,0.211346828185742,,
2021-01-31,0.208834426508458,0.208834426508458,,
2021-02-01,0.202983007136839,0.202983007136839,,
2021-02-02,0.203459705633177,0.203459705633177,,
2021-02-03,0.212818140010009,0.212818140010009,,
2021-02-04,0.227872180332787,0.227872180332787,,
2021-02-05,0.225970781212041,0.225970781212041,,
2021-02-06,0.246440400734112,0.246440400734112,,
2021-02-07,0.261926687924421,0.261926687924421,,
2021-02-08,0.248161645811952,0.248161645811952,,
2021-02-09,0.265173679578968,0.265173679578968,,
2021-02-10,0.284185778737354,0.284185778737354,,
2021-02-11,0.311414200982946,0.311414200982946,,
2021-02-12,0.346818344769184,0.346818344769184,,
2021-02-13,0.348199486127735,0.348199486127735,,
2021-02-14,0.401806955054178,0.401806955054178,,
2021-02-15,0.372310910815896,0.372310910815896,,
2021-02-16,0.345384522014554,0.345384522014554,,
2021-02-17,0.425815890746141,0.425815890746141,,
2021-02-18,0.410606542440222,0.410606542440222,,
2021-02-19,0.443111474321846,0.443111474321846,,
2021-02-20,0.44708736469383,0.44708736469383,,
2021-02-21,0.444231415089855,0.444231415089855,,
2021-02-22,0.641910571753808,0.641910571753808,,
2021-02-23,0.541444765260333,0.541444765260333,,
2021-02-24,0.442758248127116,0.442758248127116,,
2021-02-25,0.537679189564159,0.537679189564159,,
2021-02-26,0.506097976129384,0.506097976129384,,
2021-02-27,0.480446094861617,0.480446094861617,,
2021-02-28,0.480798821470944,0.480798821470944,,
2021-03-01,0.503196687038608,0.503196687038608,,
2021-03-02,0.523558130460373,0.523558130460373,,
2021-03-03,0.497926287530232,0.497926287530232,,
2021-03-04,0.522870895070413,0.522870895070413,,
2021-03-05,0.549565233971414,0.549565233971414,,
2021-03-06,0.694813145705453,0.694813145705453,,
2021-03-07,0.77060249162576,0.77060249162576,,
2021-03-08,0.781586327787869,0.781586327787869,,
2021-03-09,0.763562491045917,0.763562491045917,,
2021-03-10,0.765115831117606,0.765115831117606,,
2021-03-11,0.760630763646931,0.760630763646931,,
2021-03-12,0.749506191073989,0.749506191073989,,
2021-03-13,0.744972621612285,0.744972621612285,,
2021-03-14,0.765173400866472,0.765173400866472,,
2021-03-15,0.79931919674556,0.79931919674556,,
2021-03-16,0.743116864293989,0.743116864293989,,
2021-03-17,0.722445776479024,0.722445776479024,,
2021-03-18,0.766410959501008,0.766410959501008,,
2021-03-19,0.770219561448153,0.770219561448153,,
2021-03-20,0.812663567705806,0.812663567705806,,
2021-03-21,0.777435606560878,0.777435606560878,,
2021-03-22,0.788901977473886,0.788901977473886,,
2021-03-23,0.816042545370652,0.816042545370652,,
2021-03-24,0.833024959649359,0.833024959649359,,
2021-03-25,0.735383169870536,0.735383169870536,,
2021-03-26,0.690904462254558,0.690904462254558,,
2021-03-27,0.746926719299441,0.746926719299441,,
2021-03-28,0.893293504350049,0.893293504350049,,
2021-03-29,0.874494379324526,0.874494379324526,,
2021-03-30,0.928723187350935,0.928723187350935,,
2021-03-31,1.00752067865493,1.00752067865493,,
2021-04-01,1.01475812766831,1.01475812766831,,
2021-04-02,0.971876031049153,0.971876031049153,,
2021-04-03,1.08424053461886,1.08424053461886,,
2021-04-04,1.10918211117898,1.10918211117898,,
2021-04-05,1.20498187054394,1.20498187054394,,
2021-04-06,1.15611748202223,1.15611748202223,,
2021-04-07,1.08962948683109,1.08962948683109,,
2021-04-08,0.970870223178745,0.970870223178745,,
2021-04-09,1.07370469552356,1.07370469552356,,
2021-04-10,1.1944559663673,1.1944559663673,,
2021-04-11,1.22560267414006,1.22560267414006,,
2021-04-12,1.21479227064026,1.21479227064026,,
2021-04-13,1.16504165246575,1.16504165246575,,
2021-04-14,1.15627013410274,1.15627013410274,,
2021-04-15,1.12820673045039,1.12820673045039,,
2021-04-16,1.25122342698432,1.25122342698432,,
2021-04-17,1.3653969789691,1.3653969789691,,
2021-04-18,1.30533910946316,1.30533910946316,,
2021-04-19,1.25535748965319,1.25535748965319,,
2021-04-20,1.14149754746212,1.14149754746212,,
2021-04-21,1.08805644209459,1.08805644209459,,
2021-04-22,1.04273152819424,1.04273152819424,,
2021-04-23,0.853334530036203,0.853334530036203,,
2021-04-24,0.778704162901953,0.778704162901953,,
2021-04-25,0.731358524247453,0.731358524247453,,
2021-04-26,0.74730292467974,0.74730292467974,,
2021-04-27,0.874165543173674,0.874165543173674,,
2021-04-28,0.953172473945812,0.953172473945812,,
2021-04-29,0.914249476550971,0.914249476550971,,
2021-04-30,0.915669017435786,0.915669017435786,,
2021-05-01,1.01498677056638,1.01498677056638,,
2021-05-02,0.99862032675793,0.99862032675793,,
2021-05-03,1.00699761321115,1.00699761321115,,
2021-05-04,1.00085650966005,1.00085650966005,,
2021-05-05,0.87767579007076,0.87767579007076,,
2021-05-06,0.983659083432717,0.983659083432717,,
2021-05-07,1.08107786188394,1.08107786188394,,
2021-05-08,1.04141947023043,1.04141947023043,,
2021-05-09,1.02814110898612,1.02814110898612,,
2021-05-10,1.02766047561596,1.02766047561596,,
2021-05-11,0.904558412500221,0.904558412500221,,
2021-05-12,0.963269120952961,0.963269120952961,,
2021-05-13,0.82778848449563,0.82778848449563,,
2021-05-14,0.793144041601409,0.793144041601409,,
2021-05-15,0.838985553596611,0.838985553596611,,
2021-05-16,0.783129600613071,0.783129600613071,,
2021-05-17,0.77052096879491,0.77052096879491,,
2021-05-18,0.691605091845292,0.691605091845292,,
2021-05-19,0.721602093771892,0.721602093771892,,
2021-05-20,0.525886156702882,0.525886156702882,,
2021-05-21,2.12685127775228,2.12685127775228,,
2021-05-22,1.31770921553698,1.31770921553698,,
2021-05-23,0.882684688253536,0.882684688253536,,
2021-05-24,0.754167194228224,0.754167194228224,,
2021-05-25,0.89303747809353,0.89303747809353,,
2021-05-26,0.979737430810972,0.979737430810972,,
2021-05-27,1.17624598516353,1.17624598516353,,
2021-05-28,1.06176019664574,1.06176019664574,,
2021-05-29,1.14212662477745,1.14212662477745,,
2021-05-30,1.04011648942915,1.04011648942915,,
2021-05-31,1.02382883155452,1.02382883155452,,
2021-06-01,1.06205082799802,1.06205082799802,,
2021-06-02,1.01408472344074,1.01408472344074,,
2021-06-03,1.04839538527108,1.04839538527108,,
2021-06-04,1.09329988025065,1.09329988025065,,
2021-06-05,1.00637620650004,1.00637620650004,,
2021-06-06,0.953204047649088,0.953204047649088,,
2021-06-07,1.03631018172932,1.03631018172932,,
2021-06-08,0.933625464665953,0.933625464665953,,
2021-06-09,0.912371614646076,0.912371614646076,,
2021-06-10,0.969944413532646,0.969944413532646,,
2021-06-11,0.941855978462825,0.941855978462825,,
2021-06-12,0.854865238898961,0.854865238898961,,
2021-06-13,0.786156686215366,0.786156686215366,,
2021-06-14,0.866727130065677,0.866727130065677,,
2021-06-15,0.888575553189777,0.888575553189777,,
2021-06-16,0.866896271022546,0.866896271022546,,
2021-06-17,0.813969238037861,0.813969238037861,,
2021-06-18,0.819840666531178,0.819840666531178,,
2021-06-19,0.759319755656701,0.759319755656701,,
2021-06-20,0.744055147320258,0.744055147320258,,
2021-06-21,0.718157419448523,0.718157419448523,,
2021-06-22,0.505263257354422,0.505263257354422,,
2021-06-23,0.461493653129836,0.461493653129836,,
2021-06-24,0.506453337890423,0.506453337890423,,
2021-06-25,0.568104623453663,0.568104623453663,,
2021-06-26,0.51196593233392,0.51196593233392,,
2021-06-27,0.550231219227402,0.550231219227402,,
2021-06-28,0.557200090779459,0.557200090779459,,
2021-06-29,0.592677194459709,0.592677194459709,,
2021-06-30,0.661722164008991,0.661722164008991,,
2021-07-01,0.834738750256027,0.834738750256027,,
2021-07-02,0.728736205691758,0.728736205691758,,
2021-07-03,0.707653678854361,0.707653678854361,,
2021-07-04,0.732967227909028,0.732967227909028,,
2021-07-05,0.755537706905698,0.755537706905698,,
2021-07-06,0.775601846416732,0.775601846416732,,
2021-07-07,0.799992193232152,0.799992193232152,,
2021-07-08,0.838432805207634,0.838432805207634,,
2021-07-09,0.720927900841833,0.720927900841833,,
2021-07-10,0.739188153176442,0.739188153176442,,
2021-07-11,0.74189874882941,0.74189874882941,,
2021-07-12,0.756266166104874,0.756266166104874,,
2021-07-13,0.758054119226829,0.758054119226829,,
2021-07-14,0.819102425357988,0.819102425357988,,
2021-07-15,0.757550066884179,0.757550066884179,,
2021-07-16,0.725346525689346,0.725346525689346,,
2021-07-17,0.75863978605274,0.75863978605274,,
2021-07-18,0.709867493363887,0.709867493363887,,
2021-07-19,0.705247493202133,0.705247493202133,,
2021-07-20,0.661195990416415,0.661195990416415,,
2021-07-21,0.5968767756435,0.5968767756435,,
2021-07-22,0.648274627326407,0.648274627326407,,
2021-07-23,0.668554500818088,0.668554500818088,,
2021-07-24,0.677528560549541,0.677528560549541,,
2021-07-25,0.70188745314771,0.70188745314771,,
2021-07-26,0.704193047054883,0.704193047054883,,
2021-07-27,0.746822968786229,0.746822968786229,,
2021-07-28,0.753565617788857,0.753565617788857,,
2021-07-29,0.756800178236899,0.756800178236899,,
2021-07-30,0.794281716709148,0.794281716709148,,
2021-07-31,0.820158559890571,0.820158559890571,,
2021-08-01,0.825681114942473,0.825681114942473,,
2021-08-02,0.780101651569384,0.780101651569384,,
2021-08-03,0.788646170251167,0.788646170251167,,
2021-08-04,0.768611313224845,0.768611313224845,,
2021-08-05,0.794935316575363,0.794935316575363,,
2021-08-06,0.800711554633597,0.800711554633597,,
2021-08-07,0.833018042629505,0.833018042629505,,
2021-08-08,0.860290632507337,0.860290632507337,,
2021-08-09,0.854379315904653,0.854379315904653,,
2021-08-10,0.8771621318637,0.8771621318637,,
2021-08-11,0.873151632273892,0.873151632273892,,
2021-08-12,0.912186189997696,0.912186189997696,,
2021-08-13,0.864962520892713,0.864962520892713,,
2021-08-14,0.923146850214392,0.923146850214392,,
2021-08-15,0.934158485559611,0.934158485559611,,
2021-08-16,0.936651464924555,0.936651464924555,,
2021-08-17,0.916682896192269,0.916682896192269,,
2021-08-18,0.862578491469249,0.862578491469249,,
2021-08-19,0.853026024932031,0.853026024932031,,
2021-08-20,0.873636146500972,0.873636146500972,,
2021-08-21,0.909753130444242,0.909753130444242,,
2021-08-22,0.910657319107211,0.910657319107211,,
2021-08-23,0.912547744779257,0.912547744779257,,
2021-08-24,0.969611422723805,0.969611422723805,,
2021-08-25,1.33255081246915,1.33255081246915,,
2021-08-26,1.17435286109443,1.17435286109443,,
2021-08-27,1.09442129838598,1.09442129838598,,
2021-08-28,1.15001850855384,1.15001850855384,,
2021-08-29,1.17263658764916,1.17263658764916,,
2021-08-30,1.13963740812719,1.13963740812719,,
2021-08-31,1.08975285201211,1.08975285201211,,
2021-09-01,1.12557682871256,1.12557682871256,,
2021-09-02,1.14723603040698,1.14723603040698,,
2021-09-03,1.156552573272,1.156552573272,,
2021-09-04,1.20411402194422,1.20411402194422,,
2021-09-05,1.30920426199407,1.30920426199407,,
2021-09-06,1.34206786971429,1.34206786971429,,
2021-09-07,1.33858936877955,1.33858936877955,,
2021-09-08,1.11524323062822,1.11524323062822,,
2021-09-09,1.11320951211491,1.11320951211491,,
2021-09-10,1.17391625598638,1.17391625598638,,
2021-09-11,1.09794713481108,1.09794713481108,,
2021-09-12,1.12351938919617,1.12351938919617,,
2021-09-13,1.14666283941975,1.14666283941975,,
2021-09-14,1.08508388951714,1.08508388951714,,
2021-09-15,1.12501681696635,1.12501681696635,,
2021-09-16,1.16120714113132,1.16120714113132,,
2021-09-17,1.14279068080297,1.14279068080297,,
2021-09-18,1.18944483605373,1.18944483605373,,
2021-09-19,1.21335700423348,1.21335700423348,,
2021-09-20,1.17091888868932,1.17091888868932,,
2021-09-21,1.02147063199675,1.02147063199675,,
2021-09-22,0.966802725486444,0.966802725486444,,
2021-09-23,1.09295432336694,1.09295432336694,,
2021-09-24,1.12294530640754,1.12294530640754,,
2021-09-25,1.16826526245763,1.16826526245763,,
2021-09-26,1.12533893814313,1.12533893814313,,
2021-09-27,1.09082403232643,1.09082403232643,,
2021-09-28,1.06934929653066,1.06934929653066,,
2021-09-29,0.996160772719047,0.996160772719047,,
2021-09-30,1.03455258797988,1.03455258797988,,
2021-10-01,1.12968807991355,1.12968807991355,,
2021-10-02,1.22242683150695,1.22242683150695,,
2021-10-03,1.24224413778484,1.24224413778484,,
2021-10-04,1.28838613086194,1.28838613086194,,
2021-10-05,1.24663456142003,1.24663456142003,,
2021-10-06,1.32134623145127,1.32134623145127,,
2021-10-07,1.37234523606447,1.37234523606447,,
2021-10-08,1.4402764402822,1.4402764402822,,
2021-10-09,1.36781498614599,1.36781498614599,,
2021-10-10,1.2826434618191,1.2826434618191,,
2021-10-11,1.28181408019592,1.28181408019592,,
2021-10-12,1.2305339899055,1.2305339899055,,
2021-10-13,1.18545049541351,1.18545049541351,,
2021-10-14,1.2475688714552,1.2475688714552,,
2021-10-15,1.26691339751727,1.26691339751727,,
2021-10-16,1.15879891348612,1.15879891348612,,
2021-10-17,1.16560430128951,1.16560430128951,,
2021-10-18,1.14077850491159,1.14077850491159,,
2021-10-19,1.16004087821964,1.16004087821964,,
2021-10-20,1.16833203211623,1.16833203211623,,
2021-10-21,1.18954351589195,1.18954351589195,,
2021-10-22,1.17364739272183,1.17364739272183,,
2021-10-23,1.21717148390705,1.21717148390705,,
2021-10-24,1.26016395878866,1.26016395878866,,
2021-10-25,1.21714778239563,1.21714778239563,,
2021-10-26,1.22573908104392,1.22573908104392,,
2021-10-27,1.19464988106887,1.19464988106887,,
2021-10-28,1.08306038288251,1.08306038288251,,
2021-10-29,1.14048420042027,1.14048420042027,,
2021-10-30,1.17882759211924,1.17882759211924,,
2021-10-31,1.20695784897812,1.20695784897812,,
2021-11-01,1.27525015317126,1.27525015317126,,
2021-11-02,1.23781403025964,1.23781403025964,,
2021-11-03,1.2611571290461,1.2611571290461,,
2021-11-04,1.25687218103656,1.25687218103656,,
2021-11-05,1.2895139085636,1.2895139085636,,
2021-11-06,1.24960221699949,1.24960221699949,,
2021-11-07,1.2249428427882,1.2249428427882,,
2021-11-08,1.22724512829325,1.22724512829325,,
2021-11-09,1.23783345627313,1.23783345627313,,
2021-11-10,1.27733296262863,1.27733296262863,,
2021-11-11,1.16982592310237,1.16982592310237,,
2021-11-12,1.18238392836506,1.18238392836506,,
2021-11-13,1.16317709149223,1.16317709149223,,
2021-11-14,1.19282485217877,1.19282485217877,,
2021-11-15,1.18113309884477,1.18113309884477,,
2021-11-16,1.19782588134309,1.19782588134309,,
2021-11-17,1.14535343113181,1.14535343113181,,
2021-11-18,1.21503935560112,1.21503935560112,,
2021-11-19,1.12312189440421,1.12312189440421,,
2021-11-20,1.16183888647941,1.16183888647941,,
2021-11-21,1.19471290419348,1.19471290419348,,
2021-11-22,1.19936444380229,1.19936444380229,,
2021-11-23,1.13324942982763,1.13324942982763,,
2021-11-24,1.14782355742464,1.14782355742464,,
2021-11-25,1.11700690157275,1.11700690157275,,
2021-11-26,1.14421356731117,1.14421356731117,,
2021-11-27,1.10010148814813,1.10010148814813,,
2021-11-28,1.11294093448408,1.11294093448408,,
2021-11-29,1.1233033107995,1.1233033107995,,
2021-11-30,1.14666625934059,1.14666625934059,,
2021-12-01,1.13061926144749,1.13061926144749,,
2021-12-02,1.12027315431361,1.12027315431361,,
2021-12-03,1.120937072766,1.120937072766,,
2021-12-04,1.07414796514244,1.07414796514244,,
2021-12-05,0.911041905928258,0.911041905928258,,
2021-12-06,0.853299541719225,0.853299541719225,,
2021-12-07,0.902707754200359,0.902707754200359,,
2021-12-08,0.890165404981429,0.890165404981429,,
2021-12-09,0.955869806180412,0.955869806180412,,
2021-12-10,0.868642581277537,0.868642581277537,,
2021-12-11,0.827758157006591,0.827758157006591,,
2021-12-12,0.849487613164035,0.849487613164035,,
2021-12-13,0.842595837189267,0.842595837189267,,
2021-12-14,0.761390067800017,0.761390067800017,,
2021-12-15,0.762281744836303,0.762281744836303,,
2021-12-16,0.773119941803423,0.773119941803423,,
2021-12-17,0.768131490811448,0.768131490811448,,
2021-12-18,0.772390065511389,0.772390065511389,,
2021-12-19,0.780564573487039,0.780564573487039,,
2021-12-20,0.776895968100798,0.776895968100798,,
2021-12-21,0.739111116263615,0.739111116263615,,
2021-12-22,0.765048677514341,0.765048677514341,,
2021-12-23,0.78346412161115,0.78346412161115,,
2021-12-24,0.830671169897897,0.830671169897897,,
2021-12-25,0.815532224745146,0.815532224745146,,
2021-12-26,0.827493014474729,0.827493014474729,,
2021-12-27,0.828216095294001,0.828216095294001,,
2021-12-28,0.826309603844512,0.826309603844512,,
2021-12-29,0.767615919292146,0.767615919292146,,
2021-12-30,0.739413730350837,0.739413730350837,,
2021-12-31,0.755555165162147,0.755555165162147,,
2022-01-01,0.745248241153481,0.745248241153481,,
2022-01-02,0.781907457289267,0.781907457289267,,
2022-01-03,0.829427373988799,0.829427373988799,,
2022-01-04,0.841172019858684,0.841172019858684,,
2022-01-05,0.810333286733567,0.810333286733567,,
2022-01-06,0.747887060401887,0.747887060401887,,
2022-01-07,0.74085697575219,0.74085697575219,,
2022-01-08,0.770779905409962,0.770779905409962,,
2022-01-09,0.728831675930569,0.728831675930569,,
2022-01-10,0.724657331564037,0.724657331564037,,
2022-01-11,0.689663144705097,0.689663144705097,,
2022-01-12,0.705060895031255,0.705060895031255,,
2022-01-13,0.729337787499237,0.729337787499237,,
2022-01-14,0.7032621608729,0.7032621608729,,
2022-01-15,0.712703280782079,0.712703280782079,,
2022-01-16,0.745356627052166,0.745356627052166,,
2022-01-17,0.789189175998847,0.789189175998847,,
2022-01-18,0.742848765098666,0.742848765098666,,
2022-01-19,0.719746005946194,0.719746005946194,,
2022-01-20,0.696921568823778,0.696921568823778,,
2022-01-21,0.669242843375193,0.669242843375193,,
2022-01-22,0.578717837694032,0.578717837694032,,
2022-01-23,0.722128345459878,0.722128345459878,,
2022-01-24,0.677226561818923,0.677226561818923,,
2022-01-25,0.617749687449758,0.617749687449758,,
2022-01-26,0.606319694034253,0.606319694034253,,
2022-01-27,0.605876740715687,0.605876740715687,,
2022-01-28,0.599724953581217,0.599724953581217,,
2022-01-29,0.608763535532013,0.608763535532013,,
2022-01-30,0.620786408553873,0.620786408553873,,
2022-01-31,0.653084288429732,0.653084288429732,,
2022-02-01,0.633839635862078,0.633839635862078,,
2022-02-02,0.631372463393457,0.631372463393457,,
2022-02-03,0.634101507345397,0.634101507345397,,
2022-02-04,0.642150509869745,0.642150509869745,,
2022-02-05,0.678772744475778,0.678772744475778,,
2022-02-06,0.704950294549755,0.704950294549755,,
2022-02-07,0.708503019627021,0.708503019627021,,
2022-02-08,0.724439398199072,0.724439398199072,,
2022-02-09,0.708239713995863,0.708239713995863,,
2022-02-10,0.711312395630122,0.711312395630122,,
2022-02-11,0.689963741632156,0.689963741632156,,
2022-02-12,0.650037452969903,0.650037452969903,,
2022-02-13,0.653890972286533,0.653890972286533,,
2022-02-14,0.790279337106192,0.790279337106192,,
2022-02-15,0.88196311777719,0.88196311777719,,
2022-02-16,0.831505985077909,0.831505985077909,,
2022-02-17,0.826772920040486,0.826772920040486,,
2022-02-18,0.745125245931933,0.745125245931933,,
2022-02-19,0.797747518168119,0.797747518168119,,
2022-02-20,0.768144146709996,0.768144146709996,,
2022-02-21,0.728079928121299,0.728079928121299,,
2022-02-22,0.676567205448574,0.676567205448574,,
2022-02-23,0.707871780126235,0.707871780126235,,
2022-02-24,0.703741092183454,0.703741092183454,,
2022-02-25,0.746142456858617,0.746142456858617,,
2022-02-26,0.771738886823734,0.771738886823734,,
2022-02-27,0.771220013175686,0.771220013175686,,
2022-02-28,0.747931307674911,0.747931307674911,,
2022-03-01,0.797011701721683,0.797011701721683,,
2022-03-02,0.798547043942165,0.798547043942165,,
2022-03-03,0.77500026070401,0.77500026070401,,
2022-03-04,0.760535888001256,0.760535888001256,,
2022-03-05,0.72350158101645,0.72350158101645,,
2022-03-06,0.737885058498316,0.737885058498316,,
2022-03-07,0.739655840694765,0.739655840694765,,
2022-03-08,0.718745045351481,0.718745045351481,,
2022-03-09,0.727774080754525,0.727774080754525,,
2022-03-10,0.745634450052061,0.745634450052061,,
2022-03-11,0.718924646155722,0.718924646155722,,
2022-03-12,0.723093512463605,0.723093512463605,,
2022-03-13,0.711809602481365,0.711809602481365,,
2022-03-14,0.658327284926712,0.658327284926712,,
2022-03-15,0.683526181784651,0.683526181784651,,
2022-03-16,0.673025655224683,0.673025655224683,,
2022-03-17,0.680861786831515,0.680861786831515,,
2022-03-18,0.68973196552091,0.68973196552091,,
2022-03-19,0.706994935644089,0.706994935644089,,
2022-03-20,0.741688638913144,0.741688638913144,,
2022-03-21,0.725455992853152,0.725455992853152,,
2022-03-22,0.723453766648452,0.723453766648452,,
2022-03-23,0.740363706064128,0.740363706064128,,
2022-03-24,0.76225828844703,0.76225828844703,,
2022-03-25,0.773510725664026,0.773510725664026,,
2022-03-26,0.762168474551207,0.762168474551207,,
2022-03-27,0.795626860013038,0.795626860013038,,
2022-03-28,0.83581291449641,0.83581291449641,,
2022-03-29,0.834650481540185,0.834650481540185,,
2022-03-30,0.840508002096183,0.840508002096183,,
2022-03-31,0.867209133518466,0.867209133518466,,
2022-04-01,0.878465488897465,0.878465488897465,,
2022-04-02,0.889877322529593,0.889877322529593,,
2022-04-03,0.899640995090347,0.899640995090347,,
2022-04-04,0.889936480011144,0.889936480011144,,
2022-04-05,0.833738374238732,0.833738374238732,,
2022-04-06,0.820219299842688,0.820219299842688,,
2022-04-07,0.768967674258153,0.768967674258153,,
2022-04-08,0.78539847187553,0.78539847187553,,
2022-04-09,0.752778575203542,0.752778575203542,,
2022-04-10,0.769225939511738,0.769225939511738,,
2022-04-11,0.746910962879925,0.746910962879925,,
2022-04-12,0.691907975445233,0.691907975445233,,
2022-04-13,0.721709276905145,0.721709276905145,,
2022-04-14,0.740824771833154,0.740824771833154,,
2022-04-15,0.72234439526713,0.72234439526713,,
2022-04-16,0.72907904171795,0.72907904171795,,
2022-04-17,0.727957248778319,0.727957248778319,,
2022-04-18,0.718396822991784,0.718396822991784,,
2022-04-19,0.727202131683402,0.727202131683402,,
2022-04-20,0.74508651118701,0.74508651118701,,
2022-04-21,0.772753397771741,0.772753397771741,,
2022-04-22,0.76143827419597,0.76143827419597,,
2022-04-23,0.762153812928769,0.762153812928769,,
2022-04-24,0.740471052935981,0.740471052935981,,
2022-04-25,0.716780578198924,0.716780578198924,,
2022-04-26,0.707883655435212,0.707883655435212,,
2022-04-27,0.666433289489859,0.666433289489859,,
2022-04-28,0.684765836807865,0.684765836807865,,
2022-04-29,0.69309836581813,0.69309836581813,,
2022-04-30,0.669196405786905,0.669196405786905,,
2022-05-01,0.61817472646995,0.61817472646995,,
2022-05-02,0.632083179674281,0.632083179674281,,
2022-05-03,0.627174692190811,0.627174692190811,,
2022-05-04,0.614809254667763,0.614809254667763,,
2022-05-05,0.654670721809898,0.654670721809898,,
2022-05-06,0.596395528562707,0.596395528562707,,
2022-05-07,0.584885212756358,0.584885212756358,,
2022-05-08,0.559887427238378,0.559887427238378,,
2022-05-09,0.537159098675161,0.537159098675161,,
2022-05-10,0.461820396380517,0.461820396380517,,
2022-05-11,0.47472240449146,0.47472240449146,,
2022-05-12,0.358802838274423,0.358802838274423,,
2022-05-13,0.312009818226612,0.312009818226612,,
2022-05-14,0.354536245737625,0.354536245737625,,
2022-05-15,0.381725017821412,0.381725017821412,,
2022-05-16,0.408416232878575,0.408416232878575,,
2022-05-17,0.432362367543552,0.432362367543552,,
2022-05-18,0.432287240099057,0.432287240099057,,
2022-05-19,0.378107294131306,0.378107294131306,,
2022-05-20,0.38893972526442,0.38893972526442,,
2022-05-21,0.379010727175569,0.379010727175569,,
2022-05-22,0.383465728232732,0.383465728232732,,
2022-05-23,0.412659258923315,0.412659258923315,,
2022-05-24,0.397929227986394,0.397929227986394,,
2022-05-25,0.398372194996811,0.398372194996811,,
2022-05-26,0.405460097697836,0.405460097697836,,
2022-05-27,0.387356447578016,0.387356447578016,,
2022-05-28,0.395679035959719,0.395679035959719,,
2022-05-29,0.404599742303467,0.404599742303467,,
2022-05-30,0.41081605912018,0.41081605912018,,
2022-05-31,0.438242053598152,0.438242053598152,,
2022-06-01,0.430170487144336,0.430170487144336,,
2022-06-02,0.416995548364327,0.416995548364327,,
2022-06-03,0.440689316273321,0.440689316273321,,
2022-06-04,0.426323359444701,0.426323359444701,,
2022-06-05,0.426635797913551,0.426635797913551,,
2022-06-06,0.454582143109449,0.454582143109449,,
2022-06-07,0.529182045628619,0.529182045628619,,
2022-06-08,0.478041040192861,0.478041040192861,,
2022-06-09,0.460732813074054,0.460732813074054,,
2022-06-10,0.4522256379969,0.4522256379969,,
2022-06-11,0.423858187293366,0.423858187293366,,
2022-06-12,0.433762571069397,0.433762571069397,,
2022-06-13,0.390250141146188,0.390250141146188,,
2022-06-14,0.320383546146086,0.320383546146086,,
2022-06-15,0.326915291104995,0.326915291104995,,
2022-06-16,0.348114768117018,0.348114768117018,,
2022-06-17,0.323757873579041,0.323757873579041,,
2022-06-18,0.350057930919513,0.350057930919513,,
2022-06-19,0.331569928585238,0.331569928585238,,
2022-06-20,0.34957322553167,0.34957322553167,,
2022-06-21,0.354192322526186,0.354192322526186,,
2022-06-22,0.364369109384781,0.364369109384781,,
2022-06-23,0.367081854058715,0.367081854058715,,
2022-06-24,0.392274601435439,0.392274601435439,,
2022-06-25,0.400913566561961,0.400913566561961,,
2022-06-26,0.395633802218843,0.395633802218843,,
2022-06-27,0.38662586795249,0.38662586795249,,
2022-06-28,0.394983408572873,0.394983408572873,,
2022-06-29,0.388192539673227,0.388192539673227,,
2022-06-30,0.37161558853208,0.37161558853208,,
2022-07-01,0.35483308509966,0.35483308509966,,
2022-07-02,0.366502624951936,0.366502624951936,,
2022-07-03,0.370095100290949,0.370095100290949,,
2022-07-04,0.372437790173533,0.372437790173533,,
2022-07-05,0.37787740692309,0.37787740692309,,
2022-07-06,0.367435369861457,0.367435369861457,,
2022-07-07,0.370037295745842,0.370037295745842,,
2022-07-08,0.383957206612248,0.383957206612248,,
2022-07-09,0.386935777780171,0.386935777780171,,
2022-07-10,0.395107471708611,0.395107471708611,,
2022-07-11,0.38158703790149,0.38158703790149,,
2022-07-12,0.359413783395369,0.359413783395369,,
2022-07-13,0.348857338806203,0.348857338806203,,
2022-07-14,0.35587527937212,0.35587527937212,,
2022-07-15,0.359358000240276,0.359358000240276,,
2022-07-16,0.367039913150351,0.367039913150351,,
2022-07-17,0.373206138169922,0.373206138169922,,
2022-07-18,0.368310879221589,0.368310879221589,,
2022-07-19,0.387998767429086,0.387998767429086,,
2022-07-20,0.399355371142574,0.399355371142574,,
2022-07-21,0.38542069036379,0.38542069036379,,
2022-07-22,0.389522938944985,0.389522938944985,,
2022-07-23,0.401818215479603,0.401818215479603,,
2022-07-24,0.395422308127539,0.395422308127539,,
2022-07-25,0.393940146767958,0.393940146767958,,
2022-07-26,0.372939503198273,0.372939503198273,,
2022-07-27,0.369136289325582,0.369136289325582,,
2022-07-28,0.389034977286263,0.389034977286263,,
2022-07-29,0.405804525139031,0.405804525139031,,
2022-07-30,0.408648391787054,0.408648391787054,,
2022-07-31,0.405386181241654,0.405386181241654,,
2022-08-01,0.435843707089986,0.435843707089986,,
2022-08-02,0.45153368001406,0.45153368001406,,
2022-08-03,0.430857149957851,0.430857149957851,,
2022-08-04,0.41768101444288,0.41768101444288,,
2022-08-05,0.424728568916572,0.424728568916572,,
2022-08-06,0.447209859434774,0.447209859434774,,
2022-08-07,0.443873143498305,0.443873143498305,,
2022-08-08,0.443890072798223,0.443890072798223,,
2022-08-09,0.446796138750947,0.446796138750947,,
2022-08-10,0.425853882085357,0.425853882085357,,
2022-08-11,0.443327433375989,0.443327433375989,,
2022-08-12,0.453349047148036,0.453349047148036,,
2022-08-13,0.46125883105068,0.46125883105068,,
2022-08-14,0.461342056490266,0.461342056490266,,
2022-08-15,0.45488631902497,0.45488631902497,,
2022-08-16,0.452261078676788,0.452261078676788,,
2022-08-17,0.456261430615909,0.456261430615909,,
2022-08-18,0.43969648904102,0.43969648904102,,
2022-08-19,0.427804121539275,0.427804121539275,,
2022-08-20,0.372444277660922,0.372444277660922,,
2022-08-21,0.371669367524791,0.371669367524791,,
2022-08-22,0.380719845818366,0.380719845818366,,
2022-08-23,0.369298172004234,0.369298172004234,,
2022-08-24,0.374020280904743,0.374020280904743,,
2022-08-25,0.373090300121665,0.373090300121665,,
2022-08-26,0.383135052855705,0.383135052855705,,
2022-08-27,0.353592023884273,0.353592023884273,,
2022-08-28,0.353505708088148,0.353505708088148,,
2022-08-29,0.349856576170018,0.349856576170018,,
2022-08-30,0.361888290278065,0.361888290278065,,
2022-08-31,0.361750853518644,0.361750853518644,,
2022-09-01,0.363768900713248,0.363768900713248,,
2022-09-02,0.360465556648706,0.360465556648706,,
2022-09-03,0.356101951940834,0.356101951940834,,
2022-09-04,0.355050863831907,0.355050863831907,,
2022-09-05,0.356437283538809,0.356437283538809,,
2022-09-06,0.353910906881532,0.353910906881532,,
2022-09-07,0.338825654774758,0.338825654774758,,
2022-09-08,0.343718738584393,0.343718738584393,,
2022-09-09,0.352638443201823,0.352638443201823,,
2022-09-10,0.368163185189215,0.368163185189215,,
2022-09-11,0.375381710303521,0.375381710303521,,
2022-09-12,0.373115600629994,0.373115600629994,,
2022-09-13,0.373716984104769,0.373716984104769,,
2022-09-14,0.341528243215856,0.341528243215856,,
2022-09-15,0.348272098279763,0.348272098279763,,
2022-09-16,0.346643288397795,0.346643288397795,,
2022-09-17,0.352527761637856,0.352527761637856,,
2022-09-18,0.357602820044445,0.357602820044445,,
2022-09-19,0.334589857070522,0.334589857070522,,
2022-09-20,0.336419192023511,0.336419192023511,,
2022-09-21,0.330387919488472,0.330387919488472,,
2022-09-22,0.323427908896975,0.323427908896975,,
2022-09-23,0.336337442527455,0.336337442527455,,
2022-09-24,0.337411908033106,0.337411908033106,,
2022-09-25,0.334366128401759,0.334366128401759,,
2022-09-26,0.329206729243567,0.329206729243567,,
2022-09-27,0.329090380445637,0.329090380445637,,
2022-09-28,0.328931351036218,0.328931351036218,,
2022-09-29,0.327711022000284,0.327711022000284,,
2022-09-30,0.327081665291373,0.327081665291373,,
2022-10-01,0.324498252884727,0.324498252884727,0.324136,binance-ong_ontologygas-usdt-spot
2022-10-02,0.326593614858759,0.326593614858759,0.3267,binance-ong_ontologygas-usdt-spot
2022-10-03,0.324334846656726,0.324334846656726,0.3242,binance-ong_ontologygas-usdt-spot
2022-10-04,0.32464464820226,0.32464464820226,0.324532,binance-ong_ontologygas-usdt-spot
2022-10-05,0.329385105589371,0.329385105589371,0.329166,binance-ong_ontologygas-usdt-spot
2022-10-06,0.328801535782942,0.328801535782942,0.328633,binance-ong_ontologygas-usdt-spot
2022-10-07,0.330321366980436,0.330321366980436,0.330466,binance-ong_ontologygas-usdt-spot
2022-10-08,0.328909607975018,0.328909607975018,0.328636,gate.io-ong_ontologygas-usdt-spot
2022-10-09,0.337394914114212,0.337394914114212,0.338627,binance-ong_ontologygas-usdt-spot
2022-10-10,0.331939001718938,0.331939001718938,0.33223,gate.io-ong_ontologygas-usdt-spot
2022-10-11,0.325490421783529,0.325490421783529,0.324803,binance-ong_ontologygas-usdt-spot
2022-10-12,0.322421677450743,0.322421677450743,0.321552,binance-ong_ontologygas-usdt-spot
2022-10-13,0.321671684056654,0.321671684056654,0.320897,binance-ong_ontologygas-usdt-spot
2022-10-14,0.313863823256743,0.313863823256743,0.313531,binance-ong_ontologygas-usdt-spot
2022-10-15,0.312094874462161,0.312094874462161,0.312513,binance-ong_ontologygas-usdt-spot
2022-10-16,0.311376245481471,0.311376245481471,0.311709,binance-ong_ontologygas-usdt-spot
2022-10-17,0.314945953577181,0.314945953577181,0.316313,binance-ong_ontologygas-usdt-spot
2022-10-18,0.320943237791781,0.320943237791781,0.321316,binance-ong_ontologygas-usdt-spot
2022-10-19,0.316542950552432,0.316542950552432,0.316119,binance-ong_ontologygas-usdt-spot
2022-10-20,0.308852872535288,0.308852872535288,0.307825,binance-ong_ontologygas-usdt-spot
2022-10-21,0.306878098528804,0.306878098528804,0.306979,gate.io-ong_ontologygas-usdt-spot
2022-10-22,0.308057909826056,0.308057909826056,0.3083,binance-ong_ontologygas-usdt-spot
2022-10-23,0.312331141529804,0.312331141529804,0.3131,binance-ong_ontologygas-usdt-spot
2022-10-24,0.320558467878063,0.320558467878063,0.321426,binance-ong_ontologygas-usdt-spot
2022-10-25,0.31614582662511,0.31614582662511,0.3165,binance-ong_ontologygas-usdt-spot
2022-10-26,0.323276919568924,0.323276919568924,0.32365829999999995,binance-ong_ontologygas-btc-spot
2022-10-27,0.328644178265713,0.328644178265713,0.328769027,binance-ong_ontologygas-usdt-spot
2022-10-28,0.319011050922907,0.319011050922907,0.319122337,binance-ong_ontologygas-usdt-spot
2022-10-29,0.325698691293005,0.325698691293005,0.32566512,binance-ong_ontologygas-usdt-spot
2022-10-30,0.32951382248497,0.32951382248497,0.329595555,binance-ong_ontologygas-usdt-spot
2022-10-31,0.327591201793136,0.327591201793136,0.32696538,binance-ong_ontologygas-usdt-spot
2022-11-01,0.330014405214504,0.330014405214504,0.32978351,binance-ong_ontologygas-usdt-spot
2022-11-02,0.328940109250077,0.328940109250077,0.328563854,binance-ong_ontologygas-usdt-spot
2022-11-03,0.317312411672725,0.317312411672725,0.3181,binance-ong_ontologygas-usdt-spot
2022-11-04,0.323589552058262,0.323589552058262,0.3239,binance-ong_ontologygas-usdt-spot
2022-11-05,0.337224473405634,0.337224473405634,0.33783378,binance-ong_ontologygas-usdt-spot
2022-11-06,0.338224289026786,0.338224289026786,0.33841015199999996,binance-ong_ontologygas-usdt-spot
2022-11-07,0.327503601700474,0.327503601700474,0.32866572,binance-ong_ontologygas-usdt-spot
2022-11-08,0.327317997931714,0.327317997931714,0.32943294,binance-ong_ontologygas-usdt-spot
2022-11-09,0.286579622047164,0.286579622047164,0.28761744000000006,binance-ong_ontologygas-usdt-spot
2022-11-10,0.215553009786387,0.215553009786387,0.21707390000000001,binance-ong_ontologygas-usdt-spot
2022-11-11,0.252858323587049,0.252858323587049,0.26073398999999997,binance-ong_ontologygas-usdt-spot
2022-11-12,0.241261449027442,0.241261449027442,0.242297608,binance-ong_ontologygas-usdt-spot
2022-11-13,0.238203508092035,0.238203508092035,0.2395848,binance-ong_ontologygas-usdt-spot
2022-11-14,0.227598864639795,0.227598864639795,0.22795755,gate.io-ong_ontologygas-usdt-spot
2022-11-15,0.224999712908525,0.224999712908525,0.22590594000000003,gate.io-ong_ontologygas-usdt-spot
2022-11-16,0.23661723452071,0.23661723452071,0.23629242,gate.io-ong_ontologygas-usdt-spot
2022-11-17,0.234681117215243,0.234681117215243,0.23498832,gate.io-ong_ontologygas-usdt-spot
2022-11-18,0.232634581691404,0.232634581691404,0.23261376,gate.io-ong_ontologygas-usdt-spot
2022-11-19,0.236116593389632,0.236116593389632,0.23586932,gate.io-ong_ontologygas-usdt-spot
2022-11-20,0.252570183765958,0.252570183765958,0.25029928,gate.io-ong_ontologygas-usdt-spot
2022-11-21,0.253987410658262,0.253987410658262,0.25311975000000003,gate.io-ong_ontologygas-usdt-spot
2022-11-22,0.244070023794829,0.244070023794829,0.24328332000000003,gate.io-ong_ontologygas-usdt-spot
2022-11-23,0.247169556286649,0.247169556286649,0.24857643000000001,binance-ong_ontologygas-usdt-spot
2022-11-24,0.25577163973835,0.25577163973835,0.25691707999999996,gate.io-ong_ontologygas-usdt-spot
2022-11-25,0.254232102496096,0.254232102496096,0.25599503999999995,gate.io-ong_ontologygas-usdt-spot
2022-11-26,0.252754267862938,0.252754267862938,0.25452170999999996,gate.io-ong_ontologygas-usdt-spot
2022-11-27,0.253737912225952,0.253737912225952,0.25464712,gate.io-ong_ontologygas-usdt-spot
2022-11-28,0.254342579997464,0.254342579997464,0.25574646,binance-ong_ontologygas-usdt-spot
2022-11-29,0.251844441889477,0.251844441889477,0.2536516005,binance-ong_ontologygas-btc-spot
2022-11-30,0.257480742543535,0.257480742543535,0.258517248,binance-ong_ontologygas-usdt-spot
2022-12-01,0.262977223551874,0.262977223551874,0.26175234,gate.io-ong_ontologygas-usdt-spot
2022-12-02,0.259287907486697,0.259287907486697,0.2586,gate.io-ong_ontologygas-usdt-spot
2022-12-03,0.261211523562835,0.261211523562835,0.26211834700000003,gate.io-ong_ontologygas-usdt-spot
2022-12-04,0.257830073526661,0.257830073526661,0.259728567,binance-ong_ontologygas-usdt-spot
2022-12-05,0.261720955809663,0.261720955809663,0.26163139199999996,gate.io-ong_ontologygas-usdt-spot
2022-12-06,0.256696727250885,0.256696727250885,0.25657434,gate.io-ong_ontologygas-usdt-spot
2022-12-07,0.258016841537581,0.258016841537581,0.2577,gate.io-ong_ontologygas-usdt-spot
2022-12-08,0.251374681509334,0.251374681509334,0.2518,gate.io-ong_ontologygas-usdt-spot
2022-12-09,0.259107549029508,0.259107549029508,0.2593,gate.io-ong_ontologygas-usdt-spot
2022-12-10,0.260564540733608,0.260564540733608,0.26212620999999997,binance-ong_ontologygas-usdt-spot
2022-12-11,0.262230506929212,0.262230506929212,0.26549734500000005,binance-ong_ontologygas-usdt-spot
2022-12-12,0.260630888667682,0.260630888667682,0.26051042,gate.io-ong_ontologygas-usdt-spot
2022-12-13,0.255335997282225,0.255335997282225,0.25672566999999996,binance-ong_ontologygas-usdt-spot
2022-12-14,0.276456646103537,0.276456646103537,0.28174364,binance-ong_ontologygas-usdt-spot
2022-12-15,0.265011085999733,0.265011085999733,0.26432643,binance-ong_ontologygas-usdt-spot
2022-12-16,0.252861612254403,0.252861612254403,0.25430254300000005,binance-ong_ontologygas-usdt-spot
2022-12-17,0.227797926213101,0.227797926213101,0.229,binance-ong_ontologygas-usdt-spot
2022-12-18,0.227500647484321,0.227500647484321,0.22811140500000002,binance-ong_ontologygas-usdt-spot
2022-12-19,0.231951925237191,0.231951925237191,0.23103695999999999,binance-ong_ontologygas-usdt-spot
2022-12-20,0.218097692908572,0.218097692908572,0.2178,binance-ong_ontologygas-usdt-spot
2022-12-21,0.232205582459329,0.232205582459329,0.231909276,binance-ong_ontologygas-usdt-spot
2022-12-22,0.229744402591018,0.229744402591018,0.2299,binance-ong_ontologygas-usdt-spot
2022-12-23,0.230336008956959,0.230336008956959,0.230869983,binance-ong_ontologygas-usdt-spot
2022-12-24,0.231090344474698,0.231090344474698,0.231,gate.io-ong_ontologygas-usdt-spot
2022-12-25,0.236013579718825,0.236013579718825,0.23858568400000002,binance-ong_ontologygas-usdt-spot
2022-12-26,0.235070369946575,0.235070369946575,0.23557644,binance-ong_ontologygas-usdt-spot
2022-12-27,0.231417540046107,0.231417540046107,0.23205125899999998,binance-ong_ontologygas-usdt-spot
2022-12-28,0.22919855141508,0.22919855141508,0.23000105699999998,gate.io-ong_ontologygas-usdt-spot
2022-12-29,0.216109951658628,0.216109951658628,0.21648953399999998,binance-ong_ontologygas-usdt-spot
2022-12-30,0.2156088205748,0.2156088205748,0.216004916,binance-ong_ontologygas-usdt-spot
2022-12-31,0.211238195994659,0.211238195994659,0.21149420000000002,gate.io-ong_ontologygas-usdt-spot
2023-01-01,0.212507344127841,0.212507344127841,0.21268721599999998,binance-ong_ontologygas-usdt-spot
2023-01-02,0.219039978879509,0.219039978879509,0.21951216,binance-ong_ontologygas-usdt-spot
2023-01-03,0.220697974237903,0.220697974237903,0.22103145899999999,binance-ong_ontologygas-usdt-spot
2023-01-04,0.217126662451639,0.217126662451639,0.21701316,gate.io-ong_ontologygas-usdt-spot
2023-01-05,0.219961252766829,0.219961252766829,0.22042944,gate.io-ong_ontologygas-usdt-spot
2023-01-06,0.217596961228589,0.217596961228589,0.21831264000000003,binance-ong_ontologygas-usdt-spot
2023-01-07,0.217244945852323,0.217244945852323,0.217141356,gate.io-ong_ontologygas-usdt-spot
2023-01-08,0.217792406098916,0.217792406098916,0.2179782,gate.io-ong_ontologygas-usdt-spot
2023-01-09,0.221982580215526,0.221982580215526,0.22405518,binance-ong_ontologygas-usdt-spot
2023-01-10,0.229840653294798,0.229840653294798,0.2309,binance-ong_ontologygas-usdt-spot
2023-01-11,0.232839907949397,0.232839907949397,0.234739899,binance-ong_ontologygas-usdt-spot
2023-01-12,0.241280585694304,0.241280585694304,0.24277572,binance-ong_ontologygas-usdt-spot
2023-01-13,0.242695855620491,0.242695855620491,0.24452933999999998,binance-ong_ontologygas-usdt-spot
2023-01-14,0.250529120041336,0.250529120041336,0.25132513,binance-ong_ontologygas-usdt-spot
2023-01-15,0.261349024424375,0.261349024424375,0.2625525,binance-ong_ontologygas-usdt-spot
2023-01-16,0.269716436830247,0.269716436830247,0.2715543,binance-ong_ontologygas-usdt-spot
2023-01-17,0.275756804805601,0.275756804805601,0.284417064,binance-ong_ontologygas-usdt-spot
2023-01-18,0.28693638850463,0.28693638850463,0.287543125,binance-ong_ontologygas-usdt-spot
2023-01-19,0.270787280872359,0.270787280872359,0.27107289,binance-ong_ontologygas-usdt-spot
2023-01-20,0.279312917597583,0.279312917597583,0.281402814,binance-ong_ontologygas-usdt-spot
2023-01-21,0.293682400047698,0.293682400047698,0.29514721599999993,binance-ong_ontologygas-usdt-spot
2023-01-22,0.292597806750986,0.292597806750986,0.292246752,binance-ong_ontologygas-usdt-spot
2023-01-23,0.290553046953172,0.290553046953172,0.29156413000000003,binance-ong_ontologygas-usdt-spot
2023-01-24,0.294680887070045,0.294680887070045,0.29432943,binance-ong_ontologygas-usdt-spot
2023-01-25,0.28449508853094,0.28449508853094,0.28633435599999996,binance-ong_ontologygas-usdt-spot
2023-01-26,0.294747661524851,0.294747661524851,0.295750269,binance-ong_ontologygas-usdt-spot
2023-01-27,0.297117263694129,0.297117263694129,0.2977,binance-ong_ontologygas-usdt-spot
2023-01-28,0.311197417872013,0.311197417872013,0.312371829,binance-ong_ontologygas-usdt-spot
2023-01-29,0.302429901267102,0.302429901267102,0.3044531259,binance-ong_ontologygas-btc-spot
2023-01-30,0.311122805419352,0.311122805419352,0.309712388,binance-ong_ontologygas-usdt-spot
2023-01-31,0.295502646731399,0.295502646731399,0.29641778399999996,binance-ong_ontologygas-usdt-spot
2023-02-01,0.292839094202535,0.292839094202535,0.2941,binance-ong_ontologygas-usdt-spot
2023-02-02,0.297399090087407,0.297399090087407,0.29741487000000005,binance-ong_ontologygas-usdt-spot
2023-02-03,0.298816647408681,0.298816647408681,0.30054808,binance-ong_ontologygas-usdt-spot
2023-02-04,0.309567372102197,0.309567372102197,0.31052484,binance-ong_ontologygas-usdt-spot
2023-02-05,0.324478011835254,0.324478011835254,0.32573257,binance-ong_ontologygas-usdt-spot
2023-02-06,0.315917050235812,0.315917050235812,0.31797629600000005,binance-ong_ontologygas-usdt-spot
2023-02-07,0.316078743442279,0.316078743442279,0.31633163000000003,binance-ong_ontologygas-usdt-spot
2023-02-08,0.32383891581047,0.32383891581047,0.32383238,binance-ong_ontologygas-usdt-spot
2023-02-09,0.32457149892493,0.32457149892493,0.32610754399999997,binance-ong_ontologygas-btc-spot
